,veh,puma,np,serialno,fincp,wgtp,st
0,0,00106,01,1000481,,00100,06
1,4,00106,04,1002740,000117600,00112,06
2,2,00106,03,1004323,000096000,00078,06
3,4,00106,05,1006982,000133500,00053,06
4,2,00106,02,1010099,000170000,00063,06
5,2,00106,02,1011294,000135000,00042,06
6,,00106,00,1011919,,00255,06
7,2,00106,04,1012613,000032000,00072,06
8,4,00106,03,1015561,000085000,00128,06
9,2,00106,02,1016255,000068500,00076,06
10,2,00106,02,1017051,000050400,00070,06
11,2,00106,02,1019082,000083200,00066,06
12,0,00106,01,1019611,,00188,06
13,2,00106,02,1021805,000104000,00121,06
14,3,00106,04,1022501,000198500,00125,06
15,2,00106,02,1022581,000009100,00060,06
16,5,00106,03,1023053,000060000,00070,06
17,,00106,01,1023149,,00000,06
18,2,00106,01,1023432,,00408,06
19,2,00106,06,1026172,000100000,00047,06
20,2,00106,04,102947,000120000,00209,06
21,1,00106,01,1032964,,00135,06
22,2,00106,01,1035885,,00062,06
23,2,00106,04,1036137,000109800,00053,06
24,2,00106,05,1037116,000090500,00098,06
25,0,00106,01,1038049,,00082,06
26,3,00106,02,1039604,000102080,00112,06
27,2,00106,02,1039952,000105000,00192,06
28,3,00106,03,1042929,000077000,00048,06
29,3,00106,02,1043190,000201400,00035,06
30,2,00106,01,104457,,00067,06
31,1,00106,01,1045380,,00070,06
32,1,00106,03,1045707,000018000,00089,06
33,1,00106,03,1046966,000046200,00190,06
34,2,00106,01,1048335,,00034,06
35,0,00106,01,1048977,,00142,06
36,,00106,00,1051955,,00106,06
37,4,00106,04,1052949,000133700,00093,06
38,3,00106,02,1053265,000085500,00047,06
39,4,00106,07,1053550,000138500,00075,06
40,3,00106,05,1054234,000325000,00116,06
41,,00106,01,1056087,,00000,06
42,2,00106,02,1056598,000180000,00037,06
43,1,00106,02,1056744,000006000,00072,06
44,4,00106,05,1060761,000110000,00070,06
45,2,00106,03,1061050,000200000,00141,06
46,1,00106,01,1061260,,00049,06
47,2,00106,05,1062025,000039700,00064,06
48,1,00106,01,1062127,,00072,06
49,3,00106,03,1065032,000248500,00062,06
50,2,00106,01,1065040,,00145,06
51,,00106,01,1066880,,00000,06
52,2,00106,05,1067585,000058500,00094,06
53,2,00106,02,106925,000065000,00207,06
54,0,00106,03,106984,000033000,00223,06
55,2,00106,05,1070620,000153340,00056,06
56,2,00106,06,107247,000040000,00092,06
57,1,00106,02,1073351,000032000,00073,06
58,1,00106,05,1073796,000011000,00166,06
59,1,00106,04,1074656,000118000,00200,06
60,1,00106,01,1077177,,00189,06
61,1,00106,05,1078155,000161000,00071,06
62,2,00106,01,1078426,,00055,06
63,2,00106,01,107961,,00094,06
64,3,00106,04,1080363,000143000,00111,06
65,1,00106,01,1081785,,00065,06
66,,00106,01,1082556,,00000,06
67,,00106,01,1083475,,00000,06
68,1,00106,01,1084560,,00065,06
69,2,00106,05,1090094,000205480,00086,06
70,2,00106,04,1094028,000091000,00072,06
71,0,00106,01,1098690,,00126,06
72,,00106,01,1100127,,00000,06
73,4,00106,02,1102105,000140000,00178,06
74,1,00106,01,1102376,,00107,06
75,1,00106,02,1102753,000028260,00108,06
76,3,00106,02,1104216,,00077,06
77,2,00106,02,1105683,000066260,00083,06
78,1,00106,03,1105979,000049000,00193,06
79,1,00106,03,1110283,000105000,00070,06
80,1,00106,01,1110549,,00210,06
81,3,00106,03,111241,000172000,00102,06
82,1,00106,01,1112858,,00286,06
83,3,00106,02,111319,000137000,00060,06
84,2,00106,02,1115338,000122500,00037,06
85,3,00106,02,1116573,000154710,00060,06
86,1,00106,03,1118583,000046800,00107,06
87,4,00106,08,1123222,000186000,00093,06
88,1,00106,01,1125490,,00073,06
89,2,00106,05,1125968,000115500,00054,06
90,2,00106,02,112680,000095000,00139,06
91,1,00106,02,1126839,000060000,00056,06
92,1,00106,03,1128979,000020000,00319,06
93,1,00106,01,1129474,,00098,06
94,1,00106,01,1130136,,00065,06
95,0,00106,01,113182,,00118,06
96,3,00106,02,1132122,000074000,00065,06
97,2,00106,02,1132899,000050000,00062,06
98,2,00106,02,1132912,000098700,00109,06
99,,00106,01,1133561,,00000,06
100,1,00106,02,1136099,000027200,00065,06
101,3,00106,02,1136899,000140830,00058,06
102,1,00106,01,1138304,,00154,06
103,2,00106,03,113885,000095000,00055,06
104,2,00106,01,1139977,,00117,06
105,2,00106,02,1142529,000094000,00074,06
106,3,00106,03,1144085,000133500,00097,06
107,1,00106,02,1145427,000122000,00117,06
108,3,00106,05,1145491,000082000,00060,06
109,5,00106,01,1146619,,00037,06
110,2,00106,02,1148717,000081000,00083,06
111,2,00106,02,1148843,000297000,00225,06
112,1,00106,02,1148912,000000000,00072,06
113,3,00106,04,1149444,000040000,00156,06
114,2,00106,03,1150728,000037000,00140,06
115,2,00106,02,1151050,000250000,00071,06
116,2,00106,04,1152307,000059000,00149,06
117,2,00106,02,1153276,000087000,00070,06
118,,00106,00,1153476,,00185,06
119,1,00106,03,1153632,000008700,00187,06
120,1,00106,01,1154483,,00122,06
121,2,00106,02,1157126,,00075,06
122,2,00106,03,1158986,000099000,00327,06
123,3,00106,02,1160007,000058850,00062,06
124,4,00106,05,1160725,000074300,00053,06
125,,00106,00,1162875,,00287,06
126,,00106,01,1164129,,00000,06
127,2,00106,04,1164654,000109200,00279,06
128,2,00106,05,1171194,000026000,00120,06
129,1,00106,04,1171359,000064250,00102,06
130,0,00106,01,1175939,,00098,06
131,3,00106,04,1177668,000443000,00064,06
132,2,00106,03,1177912,000034600,00263,06
133,3,00106,03,1178189,,00412,06
134,1,00106,01,1183113,,00059,06
135,1,00106,02,1183590,000047700,00054,06
136,1,00106,01,1185774,,00054,06
137,,00106,01,1186377,,00000,06
138,2,00106,02,1187667,,00063,06
139,2,00106,02,1187749,,00332,06
140,1,00106,04,118846,000010500,00138,06
141,2,00106,02,1192274,000049500,00052,06
142,1,00106,01,1192679,,00037,06
143,1,00106,04,1192743,000022000,00361,06
144,1,00106,01,1194778,,00067,06
145,2,00106,03,1197699,000104000,00207,06
146,5,00106,04,1201051,,00067,06
147,1,00106,01,1202275,,00054,06
148,2,00106,02,1203278,000303400,00059,06
149,1,00106,01,1203987,,00136,06
150,2,00106,04,1204706,000081000,00041,06
151,3,00106,05,1206403,000092500,00204,06
152,3,00106,04,1206723,000078010,00103,06
153,1,00106,01,1206865,,00056,06
154,,00106,01,1206881,,00000,06
155,,00106,01,1206950,,00000,06
156,5,00106,05,1208189,000013500,00088,06
157,0,00106,03,1209785,000039000,00144,06
158,3,00106,02,1210918,000161310,00044,06
159,,00106,01,1210943,,00000,06
160,,00106,01,1214317,,00000,06
161,4,00106,03,1215050,000285800,00077,06
162,3,00106,03,1217697,000022000,00022,06
163,1,00106,01,1219007,,00062,06
164,1,00106,01,1220046,,00063,06
165,1,00106,02,1220242,000101300,00083,06
166,1,00106,03,1222958,000097000,00106,06
167,1,00106,02,1223124,,00053,06
168,2,00106,03,1223369,000121200,00058,06
169,,00106,00,1223719,,00235,06
170,2,00106,02,1225709,000031600,00187,06
171,2,00106,02,122655,000031000,00118,06
172,2,00106,03,1228648,000118000,00066,06
173,3,00106,04,1228652,000071000,00055,06
174,,00106,01,1230327,,00000,06
175,5,00106,04,1234553,000113000,00134,06
176,2,00106,02,1235120,000141000,00074,06
177,,00106,00,1235260,,00062,06
178,3,00106,04,1237062,000096300,00103,06
179,1,00106,04,1239101,000074000,00059,06
180,2,00106,02,1239423,,00094,06
181,2,00106,02,1239854,000045000,00054,06
182,2,00106,02,1240212,000004200,00110,06
183,2,00106,02,1240335,000050000,00088,06
184,4,00106,02,1242478,000051300,00137,06
185,2,00106,02,1242735,000215200,00063,06
186,3,00106,04,1242992,000068800,00323,06
187,1,00106,04,1243350,000020000,00149,06
188,1,00106,01,124343,,00108,06
189,1,00106,01,1243957,,00054,06
190,4,00106,05,1244320,000077210,00254,06
191,1,00106,01,1245080,,00111,06
192,1,00106,01,1245398,,00099,06
193,5,00106,04,1248268,000339100,00045,06
194,1,00106,04,1248841,000045000,00060,06
195,1,00106,04,1250797,000120000,00108,06
196,2,00106,02,1251570,000021100,00058,06
197,1,00106,02,1252851,000064000,00044,06
198,1,00106,01,1259034,,00068,06
199,2,00106,02,1259229,000098000,00046,06
200,1,00106,01,125993,,00193,06
201,3,00106,03,1260768,000070050,00065,06
202,2,00106,02,126108,000105000,00056,06
203,1,00106,01,1261692,,00059,06
204,2,00106,02,1262384,000108700,00049,06
205,2,00106,02,1266279,000020840,00040,06
206,1,00106,02,1266856,000104000,00103,06
207,4,00106,02,1266886,,00062,06
208,2,00106,04,1268590,000088200,00104,06
209,3,00106,02,1268872,,00065,06
210,2,00106,07,1272525,000201010,00228,06
211,4,00106,03,1272688,000101700,00051,06
212,3,00106,02,1280026,000154800,00070,06
213,,00106,01,1280649,,00000,06
214,3,00106,02,1282114,000120000,00077,06
215,1,00106,01,1282170,,00030,06
216,1,00106,01,1288687,,00084,06
217,2,00106,03,1291112,000270000,00042,06
218,,00106,01,1292769,,00000,06
219,1,00106,01,12930,,00142,06
220,1,00106,01,129319,,00154,06
221,0,00106,01,1296193,,00096,06
222,3,00106,02,1297646,000013500,00057,06
223,0,00106,05,1298657,000070000,00077,06
224,,00106,01,1300282,,00000,06
225,2,00106,03,1301243,000078800,00256,06
226,2,00106,02,1302088,000057094,00060,06
227,0,00106,01,1302972,,00098,06
228,2,00106,02,1303762,000042950,00055,06
229,1,00106,01,1304035,,00135,06
230,0,00106,02,1304047,000045100,00113,06
231,1,00106,01,1307429,,00185,06
232,0,00106,01,130805,,00056,06
233,,00106,00,1311703,,00144,06
234,1,00106,02,1313316,000020400,00071,06
235,2,00106,02,1316121,000071800,00069,06
236,2,00106,02,1316167,000062900,00052,06
237,2,00106,03,13176,000168000,00200,06
238,2,00106,02,1318894,000151000,00070,06
239,1,00106,02,1319277,000027000,00074,06
240,3,00106,01,1320049,,00050,06
241,1,00106,01,1321389,,00057,06
242,2,00106,02,1321591,000038500,00063,06
243,2,00106,02,1323106,000094300,00176,06
244,3,00106,05,1323297,000038000,00212,06
245,1,00106,02,1325139,000045750,00117,06
246,1,00106,01,1327870,,00177,06
247,3,00106,01,1329706,,00045,06
248,,00106,01,133259,,00000,06
249,1,00106,01,1334379,,00114,06
250,2,00106,02,1339280,000246000,00125,06
251,,00106,01,1339293,,00000,06
252,2,00106,04,1341435,000116000,00114,06
253,2,00106,02,1341661,000093000,00092,06
254,2,00106,07,1343481,000080000,00078,06
255,1,00106,01,1344785,,00175,06
256,1,00106,01,1345158,,00036,06
257,5,00106,06,1345783,000118600,00193,06
258,2,00106,02,1346982,000190000,00073,06
259,1,00106,02,1348192,000069600,00106,06
260,2,00106,02,1348238,000052000,00071,06
261,1,00106,01,1348313,,00078,06
262,,00106,00,1348734,,00174,06
263,1,00106,01,1348946,,00063,06
264,1,00106,02,1349041,000015000,00205,06
265,3,00106,03,1349517,000120000,00184,06
266,2,00106,03,1352447,000055300,00083,06
267,3,00106,02,1355322,000143000,00109,06
268,3,00106,03,1356325,000054530,00058,06
269,2,00106,02,135870,000320000,00037,06
270,1,00106,01,1367815,,00217,06
271,3,00106,02,1371773,000075000,00084,06
272,1,00106,01,1372767,,00048,06
273,3,00106,03,1373566,000125000,00089,06
274,1,00106,01,137397,,00082,06
275,3,00106,04,1374721,000182000,00049,06
276,2,00106,01,1376811,,00052,06
277,2,00106,02,137777,000161000,00102,06
278,,00106,01,1378631,,00000,06
279,2,00106,01,1379040,,00050,06
280,2,00106,03,138091,000034900,00160,06
281,2,00106,02,1382443,,00062,06
282,1,00106,02,1383023,000009400,00134,06
283,4,00106,03,1383877,000111200,00064,06
284,2,00106,02,1386209,000047700,00082,06
285,1,00106,01,1386882,,00095,06
286,1,00106,02,1387875,000025900,00063,06
287,1,00106,01,1388739,,00043,06
288,3,00106,02,1389706,,00077,06
289,3,00106,03,1391857,000071000,00079,06
290,1,00106,01,139262,,00063,06
291,2,00106,02,1393851,000058000,00051,06
292,2,00106,02,139857,000100000,00177,06
293,4,00106,06,1398775,000051350,00058,06
294,2,00106,05,1405330,000185000,00076,06
295,1,00106,02,1406201,000090000,00058,06
296,,00106,01,1406652,,00000,06
297,1,00106,02,1410530,,00094,06
298,4,00106,04,1411494,000220000,00080,06
299,2,00106,02,1412443,000050000,00082,06
300,1,00106,02,1414214,000043500,00119,06
301,3,00106,02,1414466,000196100,00045,06
302,1,00106,02,1420502,000017800,00051,06
303,2,00106,03,1422877,000145500,00043,06
304,1,00106,01,1424129,,00070,06
305,1,00106,01,142500,,00059,06
306,1,00106,01,1426929,,00330,06
307,3,00106,04,1427173,000225000,00094,06
308,1,00106,07,1428434,000010600,00086,06
309,,00106,00,1431456,,00275,06
310,2,00106,02,1433947,000093200,00063,06
311,,00106,01,1436762,,00000,06
312,1,00106,01,1437494,,00088,06
313,2,00106,02,1437518,000090000,00106,06
314,2,00106,02,1438202,,00080,06
315,1,00106,01,1438653,,00063,06
316,4,00106,04,1439188,000187410,00097,06
317,0,00106,01,1439601,,00173,06
318,2,00106,03,1439913,000019000,00203,06
319,2,00106,02,1441544,000124600,00105,06
320,2,00106,02,1441545,000072200,00040,06
321,2,00106,01,1442151,,00052,06
322,3,00106,04,1445192,000116900,00039,06
323,3,00106,04,1446837,000064700,00062,06
324,,00106,01,1446855,,00000,06
325,2,00106,01,1447036,,00100,06
326,1,00106,01,1447166,,00127,06
327,3,00106,03,1448219,000061000,00078,06
328,2,00106,03,1448575,000036000,00076,06
329,2,00106,04,1450401,000132000,00114,06
330,,00106,00,1451298,,00063,06
331,4,00106,02,1452055,000153360,00064,06
332,1,00106,04,1454027,000014000,00184,06
333,,00106,00,1454304,,00180,06
334,0,00106,01,1455568,,00067,06
335,,00106,01,146009,,00000,06
336,1,00106,02,1460790,000046000,00093,06
337,1,00106,01,1461055,,00115,06
338,5,00106,05,1468223,000167000,00102,06
339,,00106,01,1468328,,00000,06
340,0,00106,01,1469114,,00080,06
341,1,00106,03,1470217,000054000,00071,06
342,2,00106,02,1470996,,00102,06
343,,00106,01,1471079,,00000,06
344,4,00106,04,1471404,000543000,00095,06
345,1,00106,01,1472552,,00037,06
346,2,00106,04,1472671,000062800,00069,06
347,,00106,01,1473461,,00000,06
348,2,00106,02,1477085,000090000,00083,06
349,1,00106,01,1479566,,00106,06
350,2,00106,02,148071,000118000,00067,06
351,2,00106,06,1480723,000220000,00231,06
352,2,00106,02,1481414,000062180,00054,06
353,2,00106,02,1486574,,00097,06
354,1,00106,01,1486928,,00066,06
355,1,00106,02,1489103,000023000,00065,06
356,2,00106,01,1489603,,00142,06
357,5,00106,03,1494372,000293500,00106,06
358,1,00106,01,1498853,,00385,06
359,2,00106,03,1499453,000051600,00168,06
360,,00106,01,1499485,,00000,06
361,2,00106,03,149985,000118100,00068,06
362,1,00106,01,1499869,,00121,06
363,4,00106,05,1500319,000157000,00157,06
364,2,00106,05,1502527,000082600,00061,06
365,2,00106,02,150533,000106000,00060,06
366,3,00106,02,150716,000108000,00138,06
367,1,00106,01,1507304,,00137,06
368,0,00106,05,1508584,000018000,00054,06
369,2,00106,02,151075,,00087,06
370,1,00106,01,1512401,,00230,06
371,1,00106,02,153495,000136500,00095,06
372,3,00106,04,154104,000128200,00037,06
373,1,00106,02,154521,000045000,00243,06
374,1,00106,01,156912,,00093,06
375,1,00106,01,158739,,00066,06
376,3,00106,03,159235,000107000,00063,06
377,2,00106,05,159251,000300000,00094,06
378,1,00106,01,159616,,00181,06
379,1,00106,01,160021,,00058,06
380,,00106,01,161370,,00000,06
381,3,00106,03,165704,000190800,00102,06
382,3,00106,03,166892,000064700,00101,06
383,2,00106,01,168055,,00059,06
384,1,00106,01,168068,,00052,06
385,3,00106,04,168240,000215000,00090,06
386,,00106,01,169185,,00000,06
387,1,00106,01,169566,,00334,06
388,2,00106,02,170687,000034400,00059,06
389,1,00106,01,170697,,00061,06
390,1,00106,01,172989,,00182,06
391,2,00106,03,173604,000123000,00071,06
392,4,00106,02,174625,000468000,00041,06
393,1,00106,02,17489,000050000,00037,06
394,2,00106,02,175821,000067900,00097,06
395,1,00106,01,17679,,00039,06
396,2,00106,01,179028,,00042,06
397,3,00106,05,179035,000274000,00105,06
398,0,00106,01,17921,,00113,06
399,2,00106,01,179374,,00066,06
400,2,00106,03,184211,000009570,00094,06
401,1,00106,01,187063,,00131,06
402,1,00106,01,187426,,00052,06
403,2,00106,02,187822,000077000,00336,06
404,2,00106,02,188371,000068600,00053,06
405,2,00106,02,189721,000075400,00067,06
406,2,00106,07,192145,000061200,00228,06
407,1,00106,01,192687,,00055,06
408,0,00106,02,193445,000000000,00053,06
409,2,00106,01,193454,,00061,06
410,2,00106,02,193552,000602000,00045,06
411,,00106,01,195890,,00000,06
412,3,00106,03,199205,000109800,00066,06
413,1,00106,02,199495,000085000,00084,06
414,,00106,01,202024,,00000,06
415,4,00106,04,20249,000044000,00079,06
416,,00106,01,202865,,00000,06
417,2,00106,04,207743,,00070,06
418,,00106,01,209839,,00000,06
419,,00106,01,21217,,00000,06
420,2,00106,02,21307,000141120,00063,06
421,2,00106,02,21355,000054600,00172,06
422,1,00106,01,219504,,00186,06
423,,00106,00,219739,,00095,06
424,1,00106,01,219807,,00068,06
425,3,00106,03,219822,000330000,00128,06
426,,00106,01,220165,,00000,06
427,2,00106,01,220607,,00207,06
428,3,00106,04,220725,000094000,00084,06
429,1,00106,01,224491,,00168,06
430,,00106,00,225360,,00155,06
431,,00106,01,225767,,00000,06
432,2,00106,02,226621,000045500,00075,06
433,1,00106,03,227968,000048300,00086,06
434,3,00106,03,228097,000100020,00074,06
435,,00106,01,229250,,00000,06
436,4,00106,05,229965,000030000,00074,06
437,1,00106,01,231183,,00064,06
438,2,00106,06,231632,000119000,00125,06
439,2,00106,05,231665,000109700,00060,06
440,1,00106,01,233948,,00121,06
441,1,00106,03,234042,000051500,00128,06
442,1,00106,02,234827,000058600,00071,06
443,0,00106,01,240077,,00065,06
444,1,00106,02,245168,000040000,00035,06
445,1,00106,02,245885,000035000,00078,06
446,3,00106,02,246306,,00046,06
447,2,00106,04,246561,000069000,00167,06
448,3,00106,04,251185,000194000,00101,06
449,3,00106,04,254625,000160000,00113,06
450,2,00106,03,254835,000079000,00065,06
451,2,00106,03,255423,000023700,00050,06
452,2,00106,02,255711,000100000,00129,06
453,2,00106,01,257386,,00048,06
454,2,00106,03,258451,000045000,00132,06
455,,00106,01,260611,,00000,06
456,,00106,00,261044,,00313,06
457,2,00106,01,262238,,00079,06
458,1,00106,01,263551,,00130,06
459,1,00106,02,264445,,00071,06
460,2,00106,03,266750,000083000,00034,06
461,3,00106,05,267340,000161000,00091,06
462,2,00106,02,268783,000046000,00063,06
463,5,00106,04,269424,000361000,00116,06
464,,00106,01,269491,,00000,06
465,2,00106,02,271251,000109000,00076,06
466,2,00106,02,272077,,00123,06
467,1,00106,01,273116,,00085,06
468,1,00106,01,27462,,00064,06
469,2,00106,04,27675,000124000,00081,06
470,,00106,01,280537,,00000,06
471,1,00106,01,28055,,00062,06
472,6,00106,06,280949,000128400,00080,06
473,,00106,01,283546,,00000,06
474,1,00106,01,284838,,00325,06
475,2,00106,05,28508,000116700,00040,06
476,,00106,01,285106,,00000,06
477,1,00106,03,285587,000052020,00160,06
478,2,00106,02,285910,000128200,00042,06
479,1,00106,01,287481,,00055,06
480,0,00106,01,287687,,00053,06
481,,00106,01,288012,,00000,06
482,2,00106,02,28809,,00047,06
483,1,00106,01,288260,,00069,06
484,3,00106,03,288731,000103000,00079,06
485,1,00106,02,289566,000006280,00166,06
486,1,00106,02,290115,000090700,00076,06
487,1,00106,02,290803,000045700,00041,06
488,2,00106,03,291508,000084000,00109,06
489,2,00106,02,293403,,00067,06
490,2,00106,03,297138,000220800,00233,06
491,3,00106,03,299432,000101000,00053,06
492,,00106,01,299997,,00000,06
493,1,00106,03,30055,000132100,00093,06
494,,00106,01,301830,,00000,06
495,2,00106,06,302507,000109100,00125,06
496,,00106,01,303947,,00000,06
497,3,00106,02,30519,000126800,00109,06
498,,00106,01,306502,,00000,06
499,2,00106,02,307785,,00117,06
500,1,00106,04,308589,000002400,00218,06
501,3,00106,03,30944,000113800,00065,06
502,2,00106,03,310102,000059100,00114,06
503,2,00106,02,310977,,00087,06
504,1,00106,01,31133,,00064,06
505,1,00106,02,315057,000060200,00061,06
506,,00106,00,317134,,00170,06
507,3,00106,02,319367,000378000,00107,06
508,,00106,01,319687,,00000,06
509,,00106,01,320340,,00000,06
510,2,00106,02,320424,000227120,00052,06
511,2,00106,03,321069,000030700,00035,06
512,1,00106,03,321138,000042000,00056,06
513,3,00106,03,322013,,00171,06
514,3,00106,02,32379,000091500,00102,06
515,1,00106,01,324485,,00058,06
516,0,00106,01,324674,,00089,06
517,4,00106,03,327564,000053700,00140,06
518,1,00106,01,327599,,00103,06
519,1,00106,01,328587,,00090,06
520,2,00106,03,328705,000133100,00146,06
521,1,00106,01,329316,,00065,06
522,2,00106,03,329820,000000000,00193,06
523,4,00106,02,330102,000031400,00092,06
524,3,00106,03,33215,,00180,06
525,2,00106,02,332994,000130000,00070,06
526,3,00106,05,334070,000072000,00069,06
527,2,00106,03,334232,000070000,00074,06
528,1,00106,01,334278,,00061,06
529,2,00106,02,335319,000146700,00105,06
530,2,00106,02,335717,000016900,00075,06
531,3,00106,02,338334,000089000,00071,06
532,4,00106,07,339826,000061700,00060,06
533,,00106,01,339957,,00000,06
534,2,00106,04,340263,000160800,00043,06
535,2,00106,02,341565,000100000,00068,06
536,2,00106,04,343357,000087000,00071,06
537,2,00106,02,346491,000065000,00062,06
538,3,00106,02,346937,000049500,00072,06
539,1,00106,03,347434,000178000,00090,06
540,2,00106,01,350792,,00136,06
541,1,00106,02,350977,000013100,00102,06
542,5,00106,03,352548,000095830,00078,06
543,2,00106,02,352792,,00059,06
544,1,00106,03,354801,000012000,00076,06
545,3,00106,03,355347,000266000,00081,06
546,1,00106,01,35583,,00101,06
547,3,00106,03,356062,000150500,00064,06
548,2,00106,02,358083,,00105,06
549,2,00106,01,358279,,00145,06
550,2,00106,02,358701,000141000,00165,06
551,1,00106,02,364324,000042700,00090,06
552,3,00106,02,367273,000055100,00043,06
553,1,00106,02,368237,000018110,00189,06
554,1,00106,01,36856,,00079,06
555,3,00106,02,369084,,00058,06
556,1,00106,01,373745,,00087,06
557,2,00106,05,376331,000142000,00039,06
558,3,00106,04,376584,000077000,00138,06
559,3,00106,03,377866,000171600,00062,06
560,1,00106,02,378326,000049000,00089,06
561,2,00106,02,378619,000111001,00070,06
562,2,00106,02,379332,000099000,00042,06
563,2,00106,03,380564,000128220,00068,06
564,1,00106,03,381266,000161800,00056,06
565,1,00106,01,382254,,00057,06
566,1,00106,02,382616,000009600,00245,06
567,,00106,01,38307,,00000,06
568,1,00106,03,38347,,00086,06
569,2,00106,04,388473,000128000,00058,06
570,2,00106,04,391102,000107000,00111,06
571,2,00106,02,392326,000148200,00104,06
572,2,00106,03,394750,000145150,00097,06
573,1,00106,01,39506,,00074,06
574,2,00106,03,395572,000096000,00037,06
575,2,00106,04,395685,000109000,00056,06
576,2,00106,06,396639,000030000,00190,06
577,2,00106,02,397985,000169000,00121,06
578,3,00106,05,398806,000061800,00185,06
579,2,00106,02,400979,000220800,00107,06
580,,00106,01,401350,,00000,06
581,2,00106,02,401384,,00146,06
582,1,00106,02,402620,000043500,00185,06
583,3,00106,01,402817,,00053,06
584,3,00106,02,40434,000056500,00058,06
585,5,00106,04,405436,000192850,00117,06
586,1,00106,01,405841,,00093,06
587,2,00106,02,406657,000060000,00098,06
588,2,00106,02,412436,000049000,00065,06
589,2,00106,04,412832,000025000,00123,06
590,3,00106,03,413728,000140000,00499,06
591,2,00106,02,414617,000033730,00120,06
592,3,00106,05,414699,000052000,00223,06
593,1,00106,01,415451,,00069,06
594,2,00106,03,417057,000200000,00088,06
595,4,00106,03,419893,000540100,00072,06
596,3,00106,02,420430,000158000,00033,06
597,2,00106,02,421367,000046800,00056,06
598,2,00106,04,421680,000087000,00276,06
599,1,00106,01,422135,,00068,06
600,4,00106,04,422224,000091600,00117,06
601,1,00106,02,424188,000040000,00088,06
602,2,00106,03,426028,000250500,00190,06
603,1,00106,01,426366,,00128,06
604,4,00106,03,426461,000154500,00127,06
605,1,00106,04,42697,000028200,00227,06
606,2,00106,04,427950,000280020,00072,06
607,1,00106,01,42848,,00076,06
608,2,00106,03,432207,000053800,00074,06
609,2,00106,02,432794,,00060,06
610,2,00106,02,434156,000109600,00133,06
611,3,00106,04,435126,000134000,00115,06
612,6,00106,03,435459,000082500,00060,06
613,1,00106,02,435953,000006000,00176,06
614,1,00106,02,437300,000052000,00226,06
615,1,00106,01,439106,,00060,06
616,1,00106,03,439870,000039500,00097,06
617,2,00106,04,442354,000170000,00085,06
618,2,00106,02,4431,000049400,00060,06
619,2,00106,01,444016,,00065,06
620,,00106,01,444677,,00000,06
621,1,00106,02,447263,000036000,00100,06
622,1,00106,01,447792,,00053,06
623,,00106,01,447922,,00000,06
624,4,00106,03,450354,000122000,00130,06
625,1,00106,01,452021,,00053,06
626,2,00106,02,452711,000048800,00101,06
627,1,00106,05,453371,000031200,00042,06
628,2,00106,02,45653,,00145,06
629,2,00106,03,456548,000110000,00063,06
630,1,00106,02,459661,000023530,00070,06
631,2,00106,03,459887,000028360,00338,06
632,,00106,00,460527,,00180,06
633,0,00106,01,462270,,00085,06
634,4,00106,05,465691,000124200,00112,06
635,2,00106,02,46779,000095000,00046,06
636,5,00106,04,470659,000054004,00072,06
637,2,00106,04,471518,000190000,00072,06
638,2,00106,04,473122,000387000,00067,06
639,2,00106,06,47329,000032000,00117,06
640,,00106,00,473371,,00092,06
641,0,00106,01,473939,,00064,06
642,2,00106,05,474023,000096400,00078,06
643,,00106,01,476663,,00000,06
644,1,00106,01,476712,,00051,06
645,6,00106,05,47692,000023300,00070,06
646,2,00106,02,480063,,00091,06
647,2,00106,03,480579,000108900,00066,06
648,1,00106,02,480716,,00105,06
649,1,00106,03,481201,000089200,00212,06
650,1,00106,01,481651,,00133,06
651,,00106,01,484506,,00000,06
652,2,00106,07,486769,000063800,00076,06
653,,00106,01,487130,,00000,06
654,1,00106,02,487397,000064600,00064,06
655,2,00106,03,488074,000075000,00051,06
656,1,00106,02,488694,000100000,00187,06
657,3,00106,03,492150,,00087,06
658,2,00106,03,492516,000069200,00084,06
659,4,00106,03,493417,000188200,00067,06
660,1,00106,01,493831,,00055,06
661,1,00106,05,495311,000016700,00177,06
662,2,00106,01,496944,,00113,06
663,2,00106,04,497561,000160000,00223,06
664,0,00106,01,497852,,00064,06
665,0,00106,01,498448,,00233,06
666,2,00106,03,499676,000174000,00145,06
667,3,00106,02,502108,000061000,00072,06
668,1,00106,01,504639,,00061,06
669,1,00106,01,506532,,00091,06
670,1,00106,01,50910,,00208,06
671,2,00106,03,509936,000090000,00068,06
672,2,00106,02,510103,000062000,00029,06
673,2,00106,03,511218,000113000,00093,06
674,5,00106,05,511272,000051000,00064,06
675,1,00106,01,511671,,00063,06
676,1,00106,02,511747,000091040,00315,06
677,1,00106,01,512416,,00065,06
678,2,00106,02,51255,000120000,00034,06
679,2,00106,02,515043,000065000,00134,06
680,1,00106,05,515405,000004800,00108,06
681,2,00106,03,515782,000090000,00068,06
682,1,00106,01,516134,,00201,06
683,1,00106,01,516952,,00061,06
684,1,00106,01,519746,,00057,06
685,4,00106,02,519870,000009060,00101,06
686,2,00106,04,52180,000135601,00101,06
687,3,00106,04,522247,000165000,00064,06
688,1,00106,01,522821,,00057,06
689,3,00106,02,525456,,00083,06
690,2,00106,02,526172,000086000,00069,06
691,,00106,01,530669,,00000,06
692,3,00106,01,530992,,00076,06
693,2,00106,02,531209,000009600,00054,06
694,3,00106,03,531566,000090600,00080,06
695,3,00106,02,532412,,00082,06
696,,00106,01,536997,,00000,06
697,1,00106,01,537240,,00060,06
698,,00106,01,5379,,00000,06
699,1,00106,01,538135,,00050,06
700,,00106,01,540320,,00000,06
701,3,00106,06,542598,000137000,00181,06
702,,00106,00,544496,,00188,06
703,1,00106,01,546550,,00105,06
704,1,00106,01,54696,,00042,06
705,2,00106,02,547874,,00233,06
706,1,00106,01,548470,,00104,06
707,1,00106,01,552014,,00113,06
708,1,00106,01,555585,,00077,06
709,1,00106,01,556393,,00062,06
710,2,00106,02,55793,000734000,00051,06
711,4,00106,07,558711,000082000,00071,06
712,2,00106,02,559648,000031200,00182,06
713,1,00106,02,559971,000090800,00064,06
714,2,00106,03,562813,000235800,00092,06
715,3,00106,03,563334,000180000,00103,06
716,1,00106,03,563848,000070000,00114,06
717,2,00106,03,564004,000150000,00108,06
718,,00106,01,564549,,00000,06
719,2,00106,06,566864,000107000,00087,06
720,2,00106,04,567211,000130600,00070,06
721,2,00106,02,567765,,00078,06
722,2,00106,02,571408,000100000,00195,06
723,0,00106,02,57202,000040400,00103,06
724,1,00106,05,57453,000024000,00174,06
725,1,00106,01,57461,,00044,06
726,2,00106,03,575980,000073800,00196,06
727,1,00106,01,576038,,00066,06
728,2,00106,03,576471,000108220,00039,06
729,1,00106,01,577570,,00060,06
730,2,00106,05,579671,000065000,00090,06
731,1,00106,02,580079,000060000,00217,06
732,1,00106,02,581613,000055000,00118,06
733,2,00106,01,582406,,00114,06
734,2,00106,04,583645,000048000,00094,06
735,2,00106,04,584103,000102300,00075,06
736,3,00106,03,584345,000067500,00112,06
737,3,00106,03,585074,000023000,00068,06
738,1,00106,01,585375,,00067,06
739,2,00106,04,585406,000061100,00183,06
740,1,00106,02,586384,000055640,00361,06
741,1,00106,02,587372,000061600,00073,06
742,2,00106,02,587412,000039000,00068,06
743,2,00106,03,592166,000031200,00065,06
744,5,00106,03,593055,000081000,00113,06
745,2,00106,04,593356,000042000,00228,06
746,3,00106,04,594993,000171000,00067,06
747,2,00106,01,595818,,00082,06
748,1,00106,03,596669,000120400,00090,06
749,2,00106,03,598458,,00033,06
750,2,00106,04,599894,000015600,00057,06
751,2,00106,04,600610,000021700,00064,06
752,3,00106,03,600931,000000000,00116,06
753,1,00106,02,601369,,00091,06
754,1,00106,01,607004,,00049,06
755,4,00106,03,60970,000043000,00063,06
756,2,00106,03,612284,000145000,00074,06
757,3,00106,03,613826,000187950,00097,06
758,2,00106,02,614926,000048600,00064,06
759,3,00106,04,616239,000030200,00116,06
760,2,00106,01,617726,,00144,06
761,1,00106,02,619691,000048000,00086,06
762,1,00106,01,620128,,00115,06
763,,00106,01,620434,,00000,06
764,2,00106,01,62062,,00064,06
765,5,00106,04,623627,000074000,00039,06
766,1,00106,01,624040,,00067,06
767,3,00106,02,624861,000016900,00080,06
768,2,00106,02,625691,000122100,00106,06
769,,00106,01,625939,,00000,06
770,1,00106,01,629216,,00051,06
771,2,00106,03,632135,000483550,00042,06
772,2,00106,02,634746,000037000,00156,06
773,1,00106,04,636690,000023000,00060,06
774,1,00106,03,638306,000015900,00083,06
775,4,00106,04,638656,000114310,00075,06
776,1,00106,01,639313,,00309,06
777,2,00106,04,639602,000066700,00096,06
778,2,00106,01,641388,,00060,06
779,1,00106,02,642645,000025200,00087,06
780,3,00106,02,643736,000120200,00032,06
781,1,00106,02,644219,000048000,00153,06
782,1,00106,01,645146,,00113,06
783,1,00106,02,646554,000041000,00160,06
784,2,00106,02,647106,000139800,00105,06
785,2,00106,02,648646,000146000,00261,06
786,,00106,01,651495,,00000,06
787,,00106,00,652724,,00293,06
788,2,00106,05,652795,000072700,00058,06
789,1,00106,03,653576,000080000,00095,06
790,1,00106,02,654234,,00081,06
791,0,00106,02,654247,000054600,00170,06
792,5,00106,04,654999,000031700,00056,06
793,1,00106,02,656300,000053000,00174,06
794,3,00106,05,657153,000069600,00420,06
795,3,00106,04,658372,000094500,00138,06
796,,00106,01,658561,,00000,06
797,1,00106,01,659908,,00132,06
798,1,00106,04,662156,000099000,00105,06
799,1,00106,01,662276,,00190,06
800,3,00106,02,664429,,00055,06
801,1,00106,05,666261,000058000,00083,06
802,1,00106,02,667766,000024000,00074,06
803,2,00106,02,669133,,00096,06
804,2,00106,01,670175,,00068,06
805,3,00106,03,671190,000147060,00100,06
806,1,00106,01,672084,,00117,06
807,1,00106,01,672653,,00056,06
808,1,00106,01,675338,,00062,06
809,1,00106,01,676952,,00065,06
810,2,00106,03,677013,000042800,00052,06
811,3,00106,04,678363,000086400,00139,06
812,,00106,01,68104,,00000,06
813,2,00106,02,681622,000026000,00055,06
814,0,00106,06,68228,,00071,06
815,3,00106,03,682337,000107700,00077,06
816,0,00106,01,68303,,00070,06
817,2,00106,04,685749,000094000,00112,06
818,2,00106,01,687057,,00213,06
819,1,00106,02,687171,000022200,00070,06
820,2,00106,05,687700,000124000,00079,06
821,1,00106,01,688419,,00035,06
822,2,00106,01,690626,,00069,06
823,,00106,01,692065,,00000,06
824,,00106,01,693916,,00000,06
825,3,00106,04,696158,000026200,00102,06
826,2,00106,02,697076,000030300,00056,06
827,1,00106,01,697446,,00034,06
828,,00106,01,698894,,00000,06
829,1,00106,02,709706,000078400,00042,06
830,1,00106,03,711660,000013100,00065,06
831,2,00106,02,713262,000150000,00072,06
832,1,00106,01,716546,,00043,06
833,1,00106,02,716727,000110000,00182,06
834,2,00106,02,71804,000095800,00084,06
835,2,00106,05,719211,000034510,00125,06
836,,00106,01,721991,,00000,06
837,3,00106,03,723236,000095000,00118,06
838,2,00106,01,723423,,00053,06
839,2,00106,03,725198,000136400,00114,06
840,2,00106,04,725588,000124500,00069,06
841,2,00106,03,727687,000028000,00100,06
842,,00106,01,727959,,00000,06
843,2,00106,04,728750,000014000,00105,06
844,3,00106,03,729112,000034600,00068,06
845,1,00106,01,731562,,00048,06
846,1,00106,01,731702,,00166,06
847,5,00106,07,73471,000090000,00055,06
848,2,00106,02,737318,,00180,06
849,3,00106,04,739359,000130000,00056,06
850,0,00106,01,741194,,00075,06
851,0,00106,01,741349,,00202,06
852,0,00106,03,74303,000020900,00083,06
853,3,00106,02,747997,000141000,00059,06
854,1,00106,01,748482,,00102,06
855,2,00106,01,749221,,00074,06
856,3,00106,02,749275,000047600,00076,06
857,2,00106,04,750178,000067800,00189,06
858,2,00106,03,751237,000090000,00082,06
859,,00106,00,752903,,00330,06
860,,00106,00,756390,,00132,06
861,1,00106,01,757871,,00060,06
862,0,00106,01,757979,,00296,06
863,1,00106,01,760579,,00061,06
864,,00106,00,760894,,00179,06
865,2,00106,03,766815,,00078,06
866,2,00106,01,767368,,00098,06
867,0,00106,01,767394,,00050,06
868,1,00106,01,769654,,00106,06
869,2,00106,04,770688,000094000,00314,06
870,1,00106,01,771095,,00066,06
871,0,00106,04,772141,000044200,00065,06
872,3,00106,01,773187,,00059,06
873,2,00106,02,773846,000160000,00350,06
874,1,00106,02,775829,000023000,00109,06
875,2,00106,02,778895,000062120,00073,06
876,2,00106,02,779128,000331200,00065,06
877,5,00106,04,783650,,00104,06
878,,00106,00,784754,,00150,06
879,2,00106,02,786510,000082500,00071,06
880,3,00106,03,793045,000126000,00031,06
881,2,00106,02,794395,,00146,06
882,3,00106,02,795215,000054000,00048,06
883,2,00106,02,797264,000082500,00256,06
884,1,00106,02,797856,000197900,00066,06
885,2,00106,02,797895,000090000,00077,06
886,2,00106,05,797906,000211400,00139,06
887,1,00106,01,799220,,00298,06
888,1,00106,01,799362,,00118,06
889,2,00106,03,800316,,00046,06
890,2,00106,02,800644,,00083,06
891,2,00106,05,801692,000101500,00203,06
892,2,00106,03,803784,000067600,00061,06
893,2,00106,05,806054,000090000,00211,06
894,,00106,00,807885,,00221,06
895,3,00106,02,809321,000118500,00262,06
896,2,00106,02,81320,,00058,06
897,,00106,01,815243,,00000,06
898,0,00106,01,816315,,00083,06
899,,00106,01,816401,,00000,06
900,2,00106,04,818026,000135000,00090,06
901,,00106,01,818118,,00000,06
902,3,00106,03,823932,000088700,00080,06
903,4,00106,04,824760,000103500,00072,06
904,1,00106,02,825997,000076100,00065,06
905,3,00106,03,826123,000190000,00065,06
906,2,00106,02,826873,000231910,00064,06
907,1,00106,02,831615,000007400,00309,06
908,0,00106,07,832005,000246100,00141,06
909,1,00106,04,832501,000040000,00062,06
910,6,00106,07,832679,000163400,00172,06
911,0,00106,02,833322,000013000,00062,06
912,0,00106,01,834121,,00055,06
913,,00106,00,834141,,00037,06
914,2,00106,02,835093,000046000,00066,06
915,1,00106,01,835595,,00101,06
916,1,00106,01,839192,,00051,06
917,,00106,01,839793,,00000,06
918,2,00106,01,839969,,00038,06
919,,00106,01,840569,,00000,06
920,2,00106,01,841587,,00049,06
921,2,00106,03,843055,,00060,06
922,,00106,01,84478,,00000,06
923,2,00106,03,844930,000255000,00148,06
924,3,00106,03,845778,000154700,00063,06
925,2,00106,04,846699,000074000,00073,06
926,1,00106,01,850707,,00067,06
927,3,00106,02,850909,000035800,00107,06
928,0,00106,02,851005,000010000,00110,06
929,2,00106,02,851983,000121700,00034,06
930,2,00106,02,85366,000130000,00039,06
931,2,00106,03,854528,000100000,00039,06
932,2,00106,05,855413,000145000,00077,06
933,2,00106,02,855668,000019800,00138,06
934,1,00106,03,857536,000022400,00064,06
935,1,00106,01,85991,,00049,06
936,3,00106,04,865354,000059500,00064,06
937,1,00106,01,865932,,00088,06
938,3,00106,04,867353,000032000,00054,06
939,2,00106,03,869156,000210000,00035,06
940,1,00106,02,873284,000030000,00141,06
941,1,00106,01,873667,,00122,06
942,4,00106,04,876931,000174000,00118,06
943,,00106,01,877643,,00000,06
944,1,00106,02,878203,000037400,00050,06
945,3,00106,04,880664,000058000,00265,06
946,2,00106,02,882908,000060000,00066,06
947,1,00106,01,883072,,00113,06
948,2,00106,01,88364,,00051,06
949,,00106,01,886481,,00000,06
950,2,00106,02,887710,000411000,00064,06
951,1,00106,01,888728,,00091,06
952,2,00106,01,889854,,00048,06
953,2,00106,02,893302,000062700,00334,06
954,1,00106,01,893720,,00050,06
955,,00106,01,897732,,00000,06
956,2,00106,05,898192,000075000,00189,06
957,1,00106,01,898751,,00068,06
958,1,00106,01,899268,,00089,06
959,2,00106,07,901365,000054000,00119,06
960,5,00106,05,901981,000075000,00041,06
961,2,00106,02,902035,000215700,00068,06
962,,00106,01,902856,,00000,06
963,1,00106,02,903103,000023600,00102,06
964,,00106,00,90326,,00039,06
965,2,00106,02,903621,000104100,00105,06
966,6,00106,05,903645,000102000,00046,06
967,2,00106,02,904946,000092100,00090,06
968,,00106,01,908045,,00000,06
969,1,00106,02,909589,000113600,00101,06
970,1,00106,01,909828,,00080,06
971,2,00106,05,912307,000079000,00210,06
972,4,00106,04,915336,000210000,00072,06
973,3,00106,05,919479,000082100,00182,06
974,1,00106,01,920056,,00037,06
975,2,00106,02,920789,000024000,00059,06
976,1,00106,01,921150,,00029,06
977,2,00106,02,92538,000058410,00070,06
978,1,00106,01,926556,,00056,06
979,2,00106,05,92739,000045200,00170,06
980,,00106,01,927556,,00000,06
981,2,00106,03,927771,000118600,00068,06
982,2,00106,02,929367,000024800,00193,06
983,6,00106,04,933244,000100000,00082,06
984,3,00106,05,933804,000185000,00224,06
985,5,00106,07,935061,000137200,00249,06
986,2,00106,04,935102,000026600,00087,06
987,2,00106,02,93616,000140000,00072,06
988,2,00106,02,94126,000093850,00075,06
989,,00106,00,941736,,00150,06
990,2,00106,03,944149,000114000,00137,06
991,2,00106,03,94746,000129030,00077,06
992,1,00106,04,948011,000024300,00292,06
993,2,00106,02,949353,000027000,00060,06
994,3,00106,03,949407,000063000,00078,06
995,2,00106,02,952379,000031500,00078,06
996,0,00106,09,953316,000004700,00062,06
997,2,00106,03,95359,000200000,00049,06
998,4,00106,02,954224,000068500,00062,06
999,4,00106,03,958190,000302000,00071,06
1000,3,00106,02,961886,000120000,00082,06
1001,1,00106,02,962005,000065000,00319,06
1002,2,00106,03,962638,000075000,00059,06
1003,2,00106,02,962934,,00075,06
1004,,00106,01,963107,,00000,06
1005,3,00106,04,966969,000077000,00067,06
1006,6,00106,07,967592,000095000,00069,06
1007,2,00106,02,968573,000078000,00065,06
1008,2,00106,04,969673,000085000,00069,06
1009,,00106,01,970767,,00000,06
1010,0,00106,03,971158,000019200,00110,06
1011,1,00106,02,971297,000065000,00113,06
1012,1,00106,01,975167,,00060,06
1013,1,00106,07,980956,000115600,00041,06
1014,2,00106,02,983488,000155000,00107,06
1015,2,00106,03,984734,000044600,00057,06
1016,2,00106,02,984933,,00066,06
1017,3,00106,04,986303,000109000,00059,06
1018,1,00106,02,98747,000027000,00109,06
1019,1,00106,01,988929,,00097,06
1020,1,00106,01,989586,,00048,06
1021,1,00106,03,989785,000037200,00139,06
1022,2,00106,03,990378,000054000,00099,06
1023,2,00106,03,990638,000132420,00113,06
1024,2,00106,01,990668,,00048,06
1025,,00106,01,992829,,00000,06
1026,1,00106,01,993056,,00096,06
1027,2,00106,02,997659,000042900,00110,06
1028,2,00106,04,99855,000133300,00087,06
1029,4,00106,05,999031,000060000,00053,06
1030,2,00106,05,999093,000049000,00205,06
1031,3,00106,02,999443,000330000,00106,06
