,puma,wagp,agep,sex,serialno,pwgtp,st
0,00106,0000000,70,1,1000481,00100,06
1,00106,0028000,25,1,1002740,00122,06
2,00106,0004000,27,1,1002740,00122,06
3,00106,0040000,65,2,1002740,00107,06
4,00106,0042000,66,1,1002740,00113,06
5,00106,0000000,24,1,1004323,00076,06
6,00106,0056000,50,2,1004323,00078,06
7,00106,0030000,45,1,1004323,00068,06
8,00106,0000000,81,1,1006982,00053,06
9,00106,,01,1,1006982,00076,06
10,00106,,03,1,1006982,00078,06
11,00106,0000000,24,2,1006982,00089,06
12,00106,0010000,24,1,1006982,00073,06
13,00106,0100000,52,1,1010099,00063,06
14,00106,0070000,48,2,1010099,00062,06
15,00106,0085000,54,1,1011294,00043,06
16,00106,0040000,52,2,1011294,00038,06
17,00106,0000000,32,2,1012613,00072,06
18,00106,0020000,34,1,1012613,00075,06
19,00106,,08,2,1012613,00073,06
20,00106,,06,1,1012613,00067,06
21,00106,0050000,32,2,1015561,00168,06
22,00106,0085000,36,1,1015561,00129,06
23,00106,,13,1,1015561,00159,06
24,00106,0000000,72,1,1016255,00080,06
25,00106,0000000,68,2,1016255,00075,06
26,00106,0000000,63,2,1017051,00088,06
27,00106,0045000,60,1,1017051,00071,06
28,00106,0000000,83,1,1019082,00058,06
29,00106,0000000,66,2,1019082,00066,06
30,00106,0000000,67,1,1019611,00188,06
31,00106,0069000,33,2,1021805,00122,06
32,00106,0035000,33,1,1021805,00130,06
33,00106,,14,2,1022501,00125,06
34,00106,0144000,50,1,1022501,00125,06
35,00106,0050000,53,2,1022501,00115,06
36,00106,0002000,17,2,1022501,00117,06
37,00106,0000000,69,1,1022581,00060,06
38,00106,0005700,65,2,1022581,00053,06
39,00106,0020000,25,2,1023053,00121,06
40,00106,0040000,22,1,1023053,00116,06
41,00106,0000000,50,2,1023053,00070,06
42,00106,0000000,78,1,1023149,00013,06
43,00106,0080000,53,2,1023432,00408,06
44,00106,,08,2,1026172,00046,06
45,00106,0100000,34,1,1026172,00049,06
46,00106,,06,1,1026172,00043,06
47,00106,,04,2,1026172,00041,06
48,00106,,02,1,1026172,00047,06
49,00106,0000000,33,2,1026172,00046,06
50,00106,,00,2,102947,00187,06
51,00106,0060000,33,2,102947,00209,06
52,00106,0060000,34,1,102947,00291,06
53,00106,,14,2,102947,00177,06
54,00106,0000000,65,1,1032964,00135,06
55,00106,0029400,63,2,1035885,00062,06
56,00106,0065000,36,1,1036137,00069,06
57,00106,,08,1,1036137,00061,06
58,00106,0000000,33,2,1036137,00079,06
59,00106,0041600,61,1,1036137,00053,06
60,00106,,01,1,1037116,00080,06
61,00106,0000000,15,2,1037116,00069,06
62,00106,0050000,30,1,1037116,00098,06
63,00106,0040500,31,2,1037116,00086,06
64,00106,,08,1,1037116,00084,06
65,00106,0000000,87,2,1038049,00082,06
66,00106,0038000,69,2,1039604,00106,06
67,00106,0000000,74,1,1039604,00112,06
68,00106,0090000,62,1,1039952,00192,06
69,00106,0000000,56,2,1039952,00187,06
70,00106,0037000,26,2,1042929,00055,06
71,00106,0040000,26,1,1042929,00049,06
72,00106,0040000,26,1,1042929,00063,06
73,00106,0000000,84,1,1043190,00035,06
74,00106,0000000,77,2,1043190,00037,06
75,00106,0000000,70,2,104457,00067,06
76,00106,0018000,41,1,1045380,00070,06
77,00106,0000000,20,1,1045707,00102,06
78,00106,0000000,22,1,1045707,00102,06
79,00106,0000000,58,2,1045707,00089,06
80,00106,0010000,31,2,1046966,00134,06
81,00106,,01,1,1046966,00141,06
82,00106,0035000,33,1,1046966,00191,06
83,00106,0000000,69,2,1048335,00034,06
84,00106,0000000,53,1,1048977,00141,06
85,00106,0022000,28,1,1052949,00192,06
86,00106,0000000,30,2,1052949,00219,06
87,00106,0110000,57,1,1052949,00093,06
88,00106,0000000,55,2,1052949,00083,06
89,00106,0000000,69,1,1053265,00047,06
90,00106,0003300,69,2,1053265,00057,06
91,00106,,13,2,1053550,00064,06
92,00106,0025000,38,2,1053550,00057,06
93,00106,0036500,38,1,1053550,00074,06
94,00106,0027000,44,2,1053550,00076,06
95,00106,0050000,45,1,1053550,00082,06
96,00106,,08,1,1053550,00070,06
97,00106,,10,2,1053550,00065,06
98,00106,,03,2,1054234,00143,06
99,00106,,07,1,1054234,00124,06
100,00106,0000000,39,2,1054234,00117,06
101,00106,,05,1,1054234,00123,06
102,00106,0000000,39,1,1054234,00108,06
103,00106,0000000,65,2,1056087,00006,06
104,00106,0157000,56,1,1056598,00035,06
105,00106,0023000,51,2,1056598,00037,06
106,00106,0000000,68,2,1056744,00048,06
107,00106,0000000,64,1,1056744,00072,06
108,00106,,13,2,1060761,00101,06
109,00106,0000000,52,1,1060761,00070,06
110,00106,0100000,52,2,1060761,00103,06
111,00106,0000000,23,1,1060761,00088,06
112,00106,0010000,22,2,1060761,00117,06
113,00106,,11,2,1061050,00179,06
114,00106,0100000,55,1,1061050,00129,06
115,00106,0100000,47,2,1061050,00142,06
116,00106,0000000,94,2,1061260,00050,06
117,00106,0000000,35,1,1062025,00128,06
118,00106,,01,2,1062025,00064,06
119,00106,0000000,20,2,1062025,00088,06
120,00106,0000000,61,2,1062025,00067,06
121,00106,0019000,64,1,1062025,00064,06
122,00106,0000000,85,2,1062127,00072,06
123,00106,0000000,56,1,1065032,00109,06
124,00106,0012500,24,2,1065032,00082,06
125,00106,0100000,56,2,1065032,00061,06
126,00106,0000000,39,2,1065040,00145,06
127,00106,0000000,79,2,1066880,00010,06
128,00106,,14,1,1067585,00109,06
129,00106,0000400,42,2,1067585,00101,06
130,00106,,11,2,1067585,00118,06
131,00106,,12,1,1067585,00110,06
132,00106,0056000,48,1,1067585,00094,06
133,00106,0065000,60,1,106925,00215,06
134,00106,0000000,60,2,106925,00207,06
135,00106,,00,2,106984,00306,06
136,00106,0000000,29,2,106984,00184,06
137,00106,0033000,28,1,106984,00222,06
138,00106,0046800,26,1,1070620,00118,06
139,00106,0000240,31,2,1070620,00134,06
140,00106,0083000,55,1,1070620,00057,06
141,00106,0003300,58,2,1070620,00050,06
142,00106,0020000,31,1,1070620,00154,06
143,00106,0000000,19,1,107247,00068,06
144,00106,0000000,64,2,107247,00104,06
145,00106,0000000,63,1,107247,00105,06
146,00106,0040000,37,1,107247,00091,06
147,00106,0000000,17,1,107247,00085,06
148,00106,0000000,35,2,107247,00086,06
149,00106,0032000,33,2,1073351,00073,06
150,00106,,11,2,1073351,00098,06
151,00106,,04,2,1073796,00167,06
152,00106,0011000,27,2,1073796,00167,06
153,00106,,10,1,1073796,00208,06
154,00106,,09,1,1073796,00208,06
155,00106,,01,2,1073796,00167,06
156,00106,0045000,50,1,1074656,00200,06
157,00106,0003000,24,1,1074656,00211,06
158,00106,0000000,15,1,1074656,00170,06
159,00106,0070000,44,2,1074656,00194,06
160,00106,0057000,40,1,1077177,00189,06
161,00106,0000000,16,2,1078155,00064,06
162,00106,,01,2,1078155,00064,06
163,00106,0089000,50,1,1078155,00071,06
164,00106,0065000,48,2,1078155,00072,06
165,00106,0007000,23,2,1078155,00088,06
166,00106,0000000,61,1,1078426,00055,06
167,00106,0024000,55,1,107961,00094,06
168,00106,0001000,42,2,1080363,00120,06
169,00106,0080000,44,1,1080363,00112,06
170,00106,0000000,67,1,1080363,00112,06
171,00106,0000000,67,2,1080363,00119,06
172,00106,0037000,30,2,1081785,00065,06
173,00106,0000000,94,1,1082556,00015,06
174,00106,0000000,15,1,1083475,00071,06
175,00106,0069000,30,2,1084560,00065,06
176,00106,0156000,46,1,1090094,00086,06
177,00106,0041400,41,2,1090094,00097,06
178,00106,0000000,17,1,1090094,00094,06
179,00106,0000000,17,1,1090094,00093,06
180,00106,0000000,69,1,1090094,00098,06
181,00106,,04,1,1094028,00078,06
182,00106,0050000,58,1,1094028,00072,06
183,00106,0000000,60,2,1094028,00070,06
184,00106,0041000,29,2,1094028,00103,06
185,00106,0045000,56,2,1098690,00126,06
186,00106,0000000,49,1,1100127,00013,06
187,00106,0065000,56,2,1102105,00176,06
188,00106,0075000,60,1,1102105,00178,06
189,00106,0000000,62,2,1102376,00106,06
190,00106,0000160,65,2,1102753,00107,06
191,00106,0000000,69,1,1102753,00083,06
192,00106,0080000,27,1,1104216,00077,06
193,00106,0035000,24,2,1104216,00079,06
194,00106,0000000,67,2,1105683,00078,06
195,00106,0000000,67,1,1105683,00083,06
196,00106,,11,2,1105979,00194,06
197,00106,0049000,30,2,1105979,00192,06
198,00106,,05,1,1105979,00244,06
199,00106,0000000,64,1,1110283,00070,06
200,00106,0000000,39,1,1110283,00138,06
201,00106,0000000,72,2,1110283,00065,06
202,00106,0035000,35,1,1110549,00209,06
203,00106,0000000,55,1,111241,00102,06
204,00106,0020000,23,1,111241,00111,06
205,00106,0005000,54,2,111241,00112,06
206,00106,0060000,39,1,1112858,00287,06
207,00106,0075000,67,1,111319,00063,06
208,00106,0000000,66,2,111319,00059,06
209,00106,0000000,71,1,1115338,00037,06
210,00106,0000000,69,2,1115338,00035,06
211,00106,0000000,67,2,1116573,00059,06
212,00106,0109000,65,1,1116573,00050,06
213,00106,,14,1,1118583,00144,06
214,00106,0032600,49,2,1118583,00107,06
215,00106,0007000,19,1,1118583,00100,06
216,00106,0078000,56,1,1123222,00111,06
217,00106,0030000,21,1,1123222,00109,06
218,00106,0000000,18,1,1123222,00089,06
219,00106,0013000,19,1,1123222,00090,06
220,00106,0004000,54,2,1123222,00094,06
221,00106,0032000,25,2,1123222,00157,06
222,00106,,13,1,1123222,00107,06
223,00106,0000000,16,1,1123222,00089,06
224,00106,0050000,33,1,1125490,00073,06
225,00106,0000000,40,1,1125968,00056,06
226,00106,0083000,39,2,1125968,00054,06
227,00106,,12,1,1125968,00045,06
228,00106,,10,1,1125968,00046,06
229,00106,,07,2,1125968,00067,06
230,00106,0045000,53,1,112680,00139,06
231,00106,0050000,50,2,112680,00134,06
232,00106,0060000,35,2,1126839,00055,06
233,00106,,07,2,1126839,00061,06
234,00106,,07,2,1128979,00189,06
235,00106,0020000,42,2,1128979,00319,06
236,00106,,11,1,1128979,00245,06
237,00106,0092000,69,2,1129474,00099,06
238,00106,0100000,35,1,1130136,00066,06
239,00106,0000000,86,2,113182,00118,06
240,00106,0042000,49,2,1132122,00065,06
241,00106,0032000,47,1,1132122,00059,06
242,00106,0050000,53,1,1132899,00061,06
243,00106,0000000,53,2,1132899,00056,06
244,00106,0000000,75,1,1132912,00110,06
245,00106,0036700,74,2,1132912,00110,06
246,00106,0000000,76,1,1133561,00078,06
247,00106,0000000,17,2,1136099,00058,06
248,00106,0024000,49,2,1136099,00065,06
249,00106,0000000,68,2,1136899,00058,06
250,00106,0078000,66,1,1136899,00061,06
251,00106,0036000,35,2,1138304,00154,06
252,00106,0037000,25,1,113885,00092,06
253,00106,,00,2,113885,00068,06
254,00106,0058000,26,2,113885,00055,06
255,00106,0025000,26,2,1139977,00117,06
256,00106,0058000,50,1,1142529,00071,06
257,00106,0036000,49,2,1142529,00075,06
258,00106,0120000,55,1,1144085,00113,06
259,00106,0013500,21,2,1144085,00139,06
260,00106,0000000,54,2,1144085,00096,06
261,00106,0022000,34,2,1145427,00134,06
262,00106,0100000,38,1,1145427,00117,06
263,00106,0012000,20,2,1145491,00077,06
264,00106,0000000,49,2,1145491,00059,06
265,00106,0070000,54,1,1145491,00060,06
266,00106,,12,2,1145491,00066,06
267,00106,,12,1,1145491,00062,06
268,00106,0000000,64,1,1146619,00037,06
269,00106,0081000,50,2,1148717,00083,06
270,00106,0000000,34,2,1148717,00084,06
271,00106,0205000,39,1,1148843,00208,06
272,00106,0092000,39,2,1148843,00224,06
273,00106,0000000,45,2,1148912,00071,06
274,00106,,01,2,1148912,00067,06
275,00106,0000000,54,2,1149444,00155,06
276,00106,0030000,49,2,1149444,00167,06
277,00106,0010000,34,2,1149444,00145,06
278,00106,,06,2,1149444,00211,06
279,00106,0000000,15,2,1150728,00112,06
280,00106,0015000,28,2,1150728,00167,06
281,00106,0037000,39,2,1150728,00140,06
282,00106,0120000,50,1,1151050,00085,06
283,00106,0100000,56,2,1151050,00071,06
284,00106,0005000,44,2,1152307,00149,06
285,00106,0040000,49,1,1152307,00140,06
286,00106,,12,2,1152307,00178,06
287,00106,,14,2,1152307,00176,06
288,00106,0052000,56,1,1153276,00070,06
289,00106,0035000,50,2,1153276,00061,06
290,00106,0000000,15,1,1153632,00177,06
291,00106,0000000,17,2,1153632,00155,06
292,00106,0008700,44,2,1153632,00187,06
293,00106,0021000,43,1,1154483,00121,06
294,00106,0041000,32,1,1157126,00075,06
295,00106,0038000,32,2,1157126,00072,06
296,00106,,04,1,1158986,00191,06
297,00106,0060000,30,2,1158986,00205,06
298,00106,0039000,31,1,1158986,00327,06
299,00106,0026000,51,1,1160007,00062,06
300,00106,0000000,72,2,1160007,00080,06
301,00106,0000000,68,1,1160725,00052,06
302,00106,0000000,24,2,1160725,00064,06
303,00106,0006300,27,1,1160725,00098,06
304,00106,0002000,31,2,1160725,00093,06
305,00106,0030000,58,2,1160725,00049,06
306,00106,0000000,77,2,1164129,00012,06
307,00106,,03,1,1164654,00367,06
308,00106,0053000,50,1,1164654,00354,06
309,00106,0046000,58,2,1164654,00279,06
310,00106,0003200,25,2,1164654,00630,06
311,00106,,06,2,1171194,00157,06
312,00106,,12,1,1171194,00140,06
313,00106,,08,1,1171194,00142,06
314,00106,0026000,39,1,1171194,00121,06
315,00106,0000000,38,2,1171194,00121,06
316,00106,0000150,16,2,1171359,00084,06
317,00106,,08,2,1171359,00126,06
318,00106,0056000,44,2,1171359,00102,06
319,00106,,13,1,1171359,00117,06
320,00106,0000000,94,1,1175939,00098,06
321,00106,0000000,16,1,1177668,00085,06
322,00106,0367000,48,1,1177668,00063,06
323,00106,0076000,44,2,1177668,00099,06
324,00106,,14,2,1177668,00090,06
325,00106,,02,2,1177912,00167,06
326,00106,0025000,34,1,1177912,00263,06
327,00106,0009600,32,2,1177912,00212,06
328,00106,0026000,32,1,1178189,00412,06
329,00106,0036000,42,2,1178189,00344,06
330,00106,0052000,21,2,1178189,00462,06
331,00106,0043000,55,2,1183113,00059,06
332,00106,0000000,84,2,1183590,00051,06
333,00106,0000000,85,1,1183590,00054,06
334,00106,0084000,51,1,1185774,00055,06
335,00106,0000000,86,2,1186377,00014,06
336,00106,0070000,30,1,1187667,00093,06
337,00106,0055000,29,2,1187667,00064,06
338,00106,0030000,32,1,1187749,00448,06
339,00106,0030000,30,1,1187749,00332,06
340,00106,0010500,40,2,118846,00138,06
341,00106,0000000,18,1,118846,00114,06
342,00106,,13,2,118846,00184,06
343,00106,,11,2,118846,00187,06
344,00106,0000000,73,2,1192274,00056,06
345,00106,0000000,73,1,1192274,00052,06
346,00106,0000000,74,2,1192679,00036,06
347,00106,,03,1,1192743,00291,06
348,00106,,07,2,1192743,00353,06
349,00106,0000000,28,2,1192743,00269,06
350,00106,0022000,32,1,1192743,00361,06
351,00106,0103000,60,2,1194778,00066,06
352,00106,0049000,26,1,1197699,00266,06
353,00106,0055000,27,2,1197699,00207,06
354,00106,,04,2,1197699,00198,06
355,00106,0000000,29,1,1201051,00045,06
356,00106,0000000,29,2,1201051,00067,06
357,00106,0033000,30,1,1201051,00124,06
358,00106,0010800,32,1,1201051,00099,06
359,00106,0000000,69,2,1202275,00055,06
360,00106,0000000,72,1,1203278,00049,06
361,00106,0000000,70,2,1203278,00060,06
362,00106,0000000,60,2,1203987,00137,06
363,00106,,12,2,1204706,00057,06
364,00106,0030000,48,1,1204706,00076,06
365,00106,0070000,37,2,1204706,00040,06
366,00106,0010400,20,1,1204706,00065,06
367,00106,0025000,27,1,1206403,00182,06
368,00106,,11,2,1206403,00227,06
369,00106,,04,1,1206403,00188,06
370,00106,0035000,59,2,1206403,00270,06
371,00106,0032500,31,2,1206403,00204,06
372,00106,0078000,43,2,1206723,00103,06
373,00106,0000000,17,1,1206723,00103,06
374,00106,0040000,39,1,1206723,00108,06
375,00106,0000000,18,2,1206723,00110,06
376,00106,0000000,85,1,1206865,00056,06
377,00106,0000000,78,1,1206881,00008,06
378,00106,0000000,17,1,1206950,00006,06
379,00106,0001600,26,1,1208189,00134,06
380,00106,0008700,46,2,1208189,00088,06
381,00106,0000000,18,2,1208189,00063,06
382,00106,,13,1,1208189,00092,06
383,00106,0004500,47,2,1208189,00117,06
384,00106,,09,2,1209785,00186,06
385,00106,0027000,20,1,1209785,00203,06
386,00106,0012000,21,2,1209785,00145,06
387,00106,0004100,48,2,1210918,00043,06
388,00106,0157000,49,1,1210918,00040,06
389,00106,0000000,73,2,1210943,00142,06
390,00106,0000000,49,1,1214317,00087,06
391,00106,0150000,58,1,1215050,00077,06
392,00106,0000000,21,2,1215050,00128,06
393,00106,0120000,56,2,1215050,00075,06
394,00106,0019000,28,2,1217697,00022,06
395,00106,0002500,42,1,1217697,00053,06
396,00106,,00,1,1217697,00058,06
397,00106,0076000,48,2,1219007,00062,06
398,00106,0100000,64,1,1220046,00063,06
399,00106,0003300,22,1,1220242,00068,06
400,00106,0090000,58,1,1220242,00083,06
401,00106,0000000,40,2,1222958,00172,06
402,00106,0097000,61,1,1222958,00106,06
403,00106,,03,2,1222958,00099,06
404,00106,0087000,30,2,1223124,00053,06
405,00106,0000000,38,1,1223124,00048,06
406,00106,0000000,80,1,1223369,00058,06
407,00106,0000000,79,2,1223369,00054,06
408,00106,0028000,51,1,1223369,00131,06
409,00106,0000000,65,2,1225709,00252,06
410,00106,0030000,36,1,1225709,00186,06
411,00106,0006000,50,1,122655,00118,06
412,00106,0025000,41,2,122655,00125,06
413,00106,0026000,39,2,1228648,00070,06
414,00106,0092000,38,1,1228648,00066,06
415,00106,,04,2,1228648,00088,06
416,00106,0037000,59,2,1228652,00055,06
417,00106,0034000,29,1,1228652,00115,06
418,00106,0000000,28,2,1228652,00085,06
419,00106,0000000,26,2,1228652,00087,06
420,00106,0000000,15,1,1230327,00026,06
421,00106,0000000,50,2,1234553,00178,06
422,00106,0000000,18,2,1234553,00119,06
423,00106,0067000,51,1,1234553,00134,06
424,00106,0021000,20,2,1234553,00165,06
425,00106,0105000,35,1,1235120,00074,06
426,00106,0036000,31,2,1235120,00087,06
427,00106,0022000,56,2,1237062,00119,06
428,00106,0033000,27,2,1237062,00103,06
429,00106,0000000,66,1,1237062,00128,06
430,00106,0035000,29,1,1237062,00185,06
431,00106,,03,1,1239101,00054,06
432,00106,0014000,30,2,1239101,00046,06
433,00106,0060000,45,1,1239101,00059,06
434,00106,,00,2,1239101,00047,06
435,00106,0009000,65,2,1239423,00093,06
436,00106,0026400,64,2,1239423,00094,06
437,00106,0015000,24,1,1239854,00067,06
438,00106,0030000,53,2,1239854,00054,06
439,00106,0003000,19,1,1240212,00261,06
440,00106,0001200,38,2,1240212,00110,06
441,00106,0000000,61,2,1240335,00088,06
442,00106,0050000,59,1,1240335,00088,06
443,00106,0030000,60,2,1242478,00134,06
444,00106,0000000,64,1,1242478,00137,06
445,00106,0215000,59,1,1242735,00064,06
446,00106,0000000,63,2,1242735,00061,06
447,00106,0004100,31,2,1242992,00302,06
448,00106,0000000,64,1,1242992,00323,06
449,00106,0036000,60,2,1242992,00316,06
450,00106,0000000,83,2,1242992,00373,06
451,00106,0000000,38,2,1243350,00149,06
452,00106,,01,2,1243350,00169,06
453,00106,,09,1,1243350,00178,06
454,00106,0020000,37,1,1243350,00184,06
455,00106,0053000,54,1,124343,00107,06
456,00106,0003000,52,1,1243957,00054,06
457,00106,0005000,20,1,1244320,00202,06
458,00106,0000000,64,1,1244320,00254,06
459,00106,0000000,58,2,1244320,00146,06
460,00106,0028600,29,1,1244320,00294,06
461,00106,0028000,24,1,1244320,00202,06
462,00106,0055000,41,1,1245080,00110,06
463,00106,0016000,57,1,1245398,00100,06
464,00106,0000000,48,2,1248268,00048,06
465,00106,0000000,57,1,1248268,00046,06
466,00106,0000000,20,1,1248268,00057,06
467,00106,0014100,24,1,1248268,00057,06
468,00106,0000000,41,1,1248841,00056,06
469,00106,0045000,47,2,1248841,00060,06
470,00106,0000000,17,1,1248841,00053,06
471,00106,,12,2,1248841,00068,06
472,00106,0060000,27,2,1250797,00112,06
473,00106,0060000,31,1,1250797,00108,06
474,00106,,00,1,1250797,00195,06
475,00106,,04,2,1250797,00184,06
476,00106,0000000,60,2,1251570,00057,06
477,00106,0000000,69,1,1251570,00058,06
478,00106,0000000,64,1,1252851,00044,06
479,00106,0000000,70,2,1252851,00060,06
480,00106,0085000,59,1,1259034,00068,06
481,00106,0000000,78,2,1259229,00046,06
482,00106,0070000,33,1,1259229,00174,06
483,00106,0000000,21,1,125993,00193,06
484,00106,0010000,22,1,1260768,00092,06
485,00106,0050000,64,1,1260768,00075,06
486,00106,0010000,61,2,1260768,00065,06
487,00106,0000000,64,2,126108,00056,06
488,00106,0025000,25,1,126108,00066,06
489,00106,0000000,94,2,1261692,00059,06
490,00106,0000000,67,1,1262384,00048,06
491,00106,0000000,66,2,1262384,00058,06
492,00106,0001200,61,2,1266279,00039,06
493,00106,0000000,60,1,1266279,00042,06
494,00106,0020000,26,2,1266856,00106,06
495,00106,0084000,32,1,1266856,00103,06
496,00106,0015000,47,2,1266886,00162,06
497,00106,0140000,46,1,1266886,00063,06
498,00106,,02,1,1268590,00079,06
499,00106,,07,2,1268590,00127,06
500,00106,0047000,34,2,1268590,00067,06
501,00106,0040000,37,1,1268590,00104,06
502,00106,0020000,60,2,1268872,00066,06
503,00106,0052000,50,1,1268872,00065,06
504,00106,0003000,65,1,1272525,00249,06
505,00106,0083000,32,1,1272525,00229,06
506,00106,0078000,32,2,1272525,00167,06
507,00106,,02,1,1272525,00196,06
508,00106,,00,1,1272525,00197,06
509,00106,0036000,40,1,1272525,00332,06
510,00106,0000000,63,2,1272525,00293,06
511,00106,0060000,58,1,1272688,00052,06
512,00106,0024700,25,1,1272688,00061,06
513,00106,0017000,24,1,1272688,00058,06
514,00106,0000000,73,1,1280026,00074,06
515,00106,0000000,71,2,1280026,00070,06
516,00106,0000000,54,1,1280649,00006,06
517,00106,0080000,36,1,1282114,00077,06
518,00106,0040000,42,2,1282114,00073,06
519,00106,0000000,75,2,1282170,00030,06
520,00106,0000000,78,2,1288687,00083,06
521,00106,0160000,48,2,1291112,00042,06
522,00106,,14,1,1291112,00040,06
523,00106,0100000,50,2,1291112,00038,06
524,00106,0000000,31,1,1292769,00064,06
525,00106,0000000,46,1,12930,00141,06
526,00106,0006000,56,2,129319,00154,06
527,00106,0090000,30,1,1296193,00096,06
528,00106,0000000,54,1,1297646,00092,06
529,00106,0013500,58,1,1297646,00057,06
530,00106,0006000,21,2,1298657,00053,06
531,00106,0014000,31,2,1298657,00077,06
532,00106,0000000,20,2,1298657,00092,06
533,00106,0050000,41,1,1298657,00077,06
534,00106,,08,2,1298657,00056,06
535,00106,0000000,94,2,1300282,00063,06
536,00106,0045000,28,1,1301243,00256,06
537,00106,0033800,29,2,1301243,00156,06
538,00106,,00,1,1301243,00219,06
539,00106,0016600,64,2,1302088,00057,06
540,00106,0005800,63,1,1302088,00060,06
541,00106,0000000,79,2,1302972,00099,06
542,00106,0022100,66,2,1303762,00069,06
543,00106,0000000,72,1,1303762,00056,06
544,00106,0050000,32,1,1304035,00135,06
545,00106,0000000,67,2,1304047,00113,06
546,00106,0000000,77,1,1304047,00112,06
547,00106,0018000,45,1,1307429,00185,06
548,00106,0000000,68,2,130805,00057,06
549,00106,0000000,63,1,1313316,00096,06
550,00106,0000000,86,1,1313316,00071,06
551,00106,0000000,48,2,1316121,00081,06
552,00106,0065000,50,1,1316121,00070,06
553,00106,0008100,65,1,1316167,00052,06
554,00106,0000000,63,2,1316167,00067,06
555,00106,0111000,35,2,13176,00200,06
556,00106,0057000,37,1,13176,00236,06
557,00106,,02,2,13176,00207,06
558,00106,0126000,59,1,1318894,00070,06
559,00106,0000000,64,2,1318894,00068,06
560,00106,0006000,67,1,1319277,00078,06
561,00106,0000000,71,2,1319277,00074,06
562,00106,0086000,26,1,1320049,00050,06
563,00106,0061000,58,2,1321389,00057,06
564,00106,0000000,70,2,1321591,00063,06
565,00106,0000000,69,1,1321591,00052,06
566,00106,0038300,25,2,1323106,00177,06
567,00106,0056000,24,1,1323106,00162,06
568,00106,,13,2,1323297,00276,06
569,00106,0035000,38,1,1323297,00211,06
570,00106,0000000,40,2,1323297,00214,06
571,00106,,11,1,1323297,00246,06
572,00106,,08,1,1323297,00247,06
573,00106,0000000,57,2,1325139,00118,06
574,00106,0045000,57,1,1325139,00112,06
575,00106,0105000,38,2,1327870,00177,06
576,00106,0000000,83,2,1329706,00044,06
577,00106,0000000,65,1,133259,00098,06
578,00106,0041000,39,1,1334379,00113,06
579,00106,0151000,32,2,1339280,00160,06
580,00106,0095000,33,1,1339280,00124,06
581,00106,0000000,85,2,1339293,00010,06
582,00106,0110000,36,1,1341435,00115,06
583,00106,,01,1,1341435,00119,06
584,00106,,02,1,1341435,00118,06
585,00106,0006000,35,2,1341435,00101,06
586,00106,0001200,68,2,1341661,00093,06
587,00106,0000000,39,2,1341661,00168,06
588,00106,,09,2,1343481,00078,06
589,00106,,06,1,1343481,00073,06
590,00106,0000000,32,2,1343481,00078,06
591,00106,0000000,35,1,1343481,00080,06
592,00106,,00,1,1343481,00080,06
593,00106,,03,2,1343481,00068,06
594,00106,,11,1,1343481,00072,06
595,00106,0075000,47,1,1344785,00175,06
596,00106,0035300,65,2,1345158,00036,06
597,00106,0011200,40,1,1345783,00376,06
598,00106,,14,1,1345783,00280,06
599,00106,0035400,32,2,1345783,00386,06
600,00106,,04,1,1345783,00311,06
601,00106,,08,1,1345783,00281,06
602,00106,0072000,64,2,1345783,00193,06
603,00106,0135000,31,1,1346982,00073,06
604,00106,0045000,27,2,1346982,00050,06
605,00106,0000000,94,1,1348192,00180,06
606,00106,0000000,66,2,1348192,00106,06
607,00106,0000000,64,2,1348238,00132,06
608,00106,0052000,31,2,1348238,00072,06
609,00106,0000000,94,1,1348313,00078,06
610,00106,0050000,61,1,1348946,00063,06
611,00106,0015000,29,1,1349041,00206,06
612,00106,,07,2,1349041,00185,06
613,00106,0000000,19,1,1349517,00177,06
614,00106,0000000,52,1,1349517,00209,06
615,00106,0100000,53,2,1349517,00185,06
616,00106,0048000,60,2,1352447,00151,06
617,00106,0000300,30,2,1352447,00083,06
618,00106,0000000,55,1,1352447,00125,06
619,00106,0050000,54,1,1355322,00109,06
620,00106,0068000,64,2,1355322,00091,06
621,00106,0008000,60,2,1356325,00056,06
622,00106,0020000,23,2,1356325,00095,06
623,00106,0002000,68,1,1356325,00058,06
624,00106,0093000,61,2,135870,00037,06
625,00106,0170000,58,1,135870,00037,06
626,00106,0055000,46,1,1367815,00217,06
627,00106,0040000,37,2,1371773,00080,06
628,00106,0035000,40,1,1371773,00084,06
629,00106,0000000,78,2,1372767,00048,06
630,00106,0045000,25,2,1373566,00054,06
631,00106,0035000,23,1,1373566,00072,06
632,00106,0045000,28,1,1373566,00090,06
633,00106,0000000,78,2,137397,00082,06
634,00106,,13,1,1374721,00058,06
635,00106,0090000,47,1,1374721,00049,06
636,00106,0092000,50,2,1374721,00051,06
637,00106,0000000,16,1,1374721,00047,06
638,00106,0000000,57,1,1376811,00052,06
639,00106,0107000,30,2,137777,00102,06
640,00106,0054000,30,1,137777,00197,06
641,00106,0019700,68,1,1378631,00019,06
642,00106,0000000,68,2,1379040,00050,06
643,00106,0032000,44,2,138091,00160,06
644,00106,0002900,18,2,138091,00181,06
645,00106,0000000,26,2,138091,00316,06
646,00106,0010400,30,1,1382443,00072,06
647,00106,0050000,27,2,1382443,00062,06
648,00106,,05,2,1383023,00170,06
649,00106,0009400,39,2,1383023,00134,06
650,00106,0060000,37,1,1383877,00081,06
651,00106,0000000,60,1,1383877,00064,06
652,00106,0000000,65,2,1383877,00062,06
653,00106,0003000,71,1,1386209,00117,06
654,00106,0044700,40,1,1386209,00082,06
655,00106,0055000,37,2,1386882,00095,06
656,00106,0002900,55,1,1387875,00070,06
657,00106,0023000,48,2,1387875,00062,06
658,00106,0000000,70,2,1388739,00044,06
659,00106,0083000,67,1,1389706,00077,06
660,00106,0040000,55,1,1389706,00151,06
661,00106,0026000,42,2,1391857,00075,06
662,00106,,11,1,1391857,00064,06
663,00106,0045000,42,1,1391857,00079,06
664,00106,0052000,62,2,139262,00063,06
665,00106,0026000,24,1,1393851,00037,06
666,00106,0032000,26,2,1393851,00051,06
667,00106,0070000,36,2,139857,00177,06
668,00106,0030000,34,2,139857,00409,06
669,00106,,14,1,1398775,00063,06
670,00106,,10,1,1398775,00063,06
671,00106,0000000,41,2,1398775,00058,06
672,00106,0000000,16,1,1398775,00051,06
673,00106,0007500,20,2,1398775,00079,06
674,00106,0036000,45,1,1398775,00055,06
675,00106,0100000,33,2,1405330,00076,06
676,00106,,00,1,1405330,00091,06
677,00106,,05,2,1405330,00075,06
678,00106,,08,2,1405330,00076,06
679,00106,0080000,33,1,1405330,00124,06
680,00106,,11,1,1406201,00073,06
681,00106,0090000,44,2,1406201,00058,06
682,00106,0000000,52,2,1406652,00171,06
683,00106,0040000,72,1,1410530,00093,06
684,00106,0000000,44,1,1410530,00225,06
685,00106,0000000,55,1,1411494,00102,06
686,00106,0100000,59,2,1411494,00080,06
687,00106,0000000,65,1,1411494,00083,06
688,00106,0010000,23,1,1411494,00086,06
689,00106,0050000,62,1,1412443,00071,06
690,00106,0000000,61,2,1412443,00082,06
691,00106,0000000,85,2,1414214,00113,06
692,00106,0000000,85,1,1414214,00119,06
693,00106,0070000,64,1,1414466,00045,06
694,00106,0070000,65,2,1414466,00045,06
695,00106,0000000,76,1,1420502,00052,06
696,00106,0000000,74,2,1420502,00048,06
697,00106,0000000,19,1,1422877,00058,06
698,00106,0137000,55,2,1422877,00044,06
699,00106,0006900,25,2,1422877,00068,06
700,00106,0040000,30,2,1424129,00070,06
701,00106,0060000,62,2,142500,00059,06
702,00106,0000000,86,2,1426929,00331,06
703,00106,0090000,48,1,1427173,00093,06
704,00106,0095000,43,2,1427173,00103,06
705,00106,,12,2,1427173,00085,06
706,00106,,10,1,1427173,00107,06
707,00106,0000000,35,2,1428434,00082,06
708,00106,0003600,36,1,1428434,00086,06
709,00106,0000000,15,1,1428434,00078,06
710,00106,,12,1,1428434,00071,06
711,00106,,06,1,1428434,00071,06
712,00106,,03,1,1428434,00065,06
713,00106,,01,2,1428434,00057,06
714,00106,0045000,72,1,1433947,00063,06
715,00106,0036000,55,2,1433947,00061,06
716,00106,0000000,39,1,1436762,00159,06
717,00106,0000000,76,1,1437494,00088,06
718,00106,0080000,60,2,1437518,00105,06
719,00106,0010000,64,1,1437518,00105,06
720,00106,0054000,28,1,1438202,00080,06
721,00106,0018000,27,2,1438202,00067,06
722,00106,0126000,51,1,1438653,00063,06
723,00106,0048400,34,2,1439188,00156,06
724,00106,0060000,53,2,1439188,00117,06
725,00106,0000000,69,1,1439188,00097,06
726,00106,0039000,29,2,1439188,00122,06
727,00106,0000000,81,1,1439601,00172,06
728,00106,,00,2,1439913,00164,06
729,00106,0000000,32,2,1439913,00203,06
730,00106,0019000,37,1,1439913,00177,06
731,00106,0060000,72,2,1441544,00068,06
732,00106,0000000,75,1,1441544,00105,06
733,00106,0000000,64,2,1441545,00039,06
734,00106,0000000,63,1,1441545,00039,06
735,00106,0015000,54,2,1442151,00051,06
736,00106,0061000,59,1,1445192,00042,06
737,00106,0005500,31,2,1445192,00082,06
738,00106,,07,1,1445192,00041,06
739,00106,0049200,60,2,1445192,00039,06
740,00106,,05,1,1446837,00059,06
741,00106,0002400,39,1,1446837,00062,06
742,00106,0060000,36,2,1446837,00054,06
743,00106,,02,1,1446837,00063,06
744,00106,0000000,73,2,1446855,00009,06
745,00106,0040000,55,1,1447036,00100,06
746,00106,0120000,30,1,1447166,00126,06
747,00106,0037000,48,1,1448219,00078,06
748,00106,0000000,15,2,1448219,00073,06
749,00106,0000000,46,2,1448219,00074,06
750,00106,0000000,38,2,1448575,00073,06
751,00106,,04,2,1448575,00082,06
752,00106,0000000,47,1,1448575,00077,06
753,00106,0000000,39,2,1450401,00114,06
754,00106,0120000,38,1,1450401,00111,06
755,00106,0000000,16,1,1450401,00098,06
756,00106,,01,1,1450401,00125,06
757,00106,0002800,21,1,1452055,00074,06
758,00106,0150000,55,2,1452055,00064,06
759,00106,0014000,25,2,1454027,00184,06
760,00106,,06,1,1454027,00231,06
761,00106,,02,2,1454027,00186,06
762,00106,0000000,15,1,1454027,00197,06
763,00106,0085000,64,1,1455568,00067,06
764,00106,0000000,78,2,146009,00015,06
765,00106,0046000,42,2,1460790,00093,06
766,00106,0000000,17,1,1460790,00061,06
767,00106,0120000,42,1,1461055,00116,06
768,00106,0000000,32,2,1468223,00091,06
769,00106,0000000,71,2,1468223,00087,06
770,00106,,04,1,1468223,00095,06
771,00106,0107000,38,1,1468223,00102,06
772,00106,0035000,20,1,1468223,00086,06
773,00106,0015100,65,2,1468328,00022,06
774,00106,0000000,69,2,1469114,00080,06
775,00106,0000000,44,2,1470217,00062,06
776,00106,,12,1,1470217,00073,06
777,00106,0054000,45,1,1470217,00071,06
778,00106,0000000,76,1,1470996,00164,06
779,00106,0000000,55,2,1470996,00102,06
780,00106,0000000,75,2,1471079,00047,06
781,00106,0000000,56,1,1471404,00073,06
782,00106,0000500,23,2,1471404,00160,06
783,00106,0085000,79,2,1471404,00132,06
784,00106,0077000,55,2,1471404,00095,06
785,00106,0000000,83,1,1472552,00037,06
786,00106,0010800,48,2,1472671,00074,06
787,00106,,11,1,1472671,00082,06
788,00106,0052000,57,1,1472671,00068,06
789,00106,,12,1,1472671,00082,06
790,00106,0000000,52,1,1473461,00135,06
791,00106,0050000,58,1,1477085,00082,06
792,00106,0040000,61,2,1477085,00083,06
793,00106,0000000,73,2,1479566,00106,06
794,00106,0100000,42,1,148071,00067,06
795,00106,0018000,30,2,148071,00067,06
796,00106,0000000,17,2,1480723,00186,06
797,00106,,08,1,1480723,00200,06
798,00106,0000000,70,2,1480723,00210,06
799,00106,0153000,40,2,1480723,00231,06
800,00106,0067000,50,1,1480723,00222,06
801,00106,0000000,15,2,1480723,00187,06
802,00106,0000000,65,2,1481414,00069,06
803,00106,0000000,68,1,1481414,00054,06
804,00106,0080000,66,2,1486574,00097,06
805,00106,0000000,69,1,1486574,00124,06
806,00106,0000000,60,2,1486928,00066,06
807,00106,0000000,55,2,1489103,00065,06
808,00106,0000000,62,1,1489103,00065,06
809,00106,0050000,36,1,1489603,00142,06
810,00106,0250000,57,1,1494372,00105,06
811,00106,0040000,45,2,1494372,00122,06
812,00106,0003500,18,1,1494372,00122,06
813,00106,0048000,32,1,1498853,00385,06
814,00106,,11,2,1499453,00234,06
815,00106,0036000,36,2,1499453,00168,06
816,00106,0005600,19,1,1499453,00256,06
817,00106,0000000,37,2,1499485,00042,06
818,00106,0116000,44,2,149985,00067,06
819,00106,0000000,16,1,149985,00059,06
820,00106,0200000,44,1,149985,00080,06
821,00106,0023000,45,2,1499869,00121,06
822,00106,0042000,49,2,1500319,00201,06
823,00106,0000000,18,2,1500319,00148,06
824,00106,0000000,21,1,1500319,00183,06
825,00106,0075000,50,1,1500319,00150,06
826,00106,0040000,49,2,1500319,00158,06
827,00106,0000000,44,2,1502527,00061,06
828,00106,0009600,22,1,1502527,00068,06
829,00106,,09,2,1502527,00073,06
830,00106,,11,2,1502527,00073,06
831,00106,0073000,41,1,1502527,00073,06
832,00106,0038000,58,2,150533,00055,06
833,00106,0068000,36,1,150533,00060,06
834,00106,0008000,27,2,150716,00138,06
835,00106,0100000,29,1,150716,00098,06
836,00106,0028000,57,2,1507304,00138,06
837,00106,,10,1,1508584,00083,06
838,00106,0002000,29,1,1508584,00054,06
839,00106,0012000,32,2,1508584,00091,06
840,00106,,05,1,1508584,00068,06
841,00106,,03,1,1508584,00112,06
842,00106,0028000,35,1,151075,00104,06
843,00106,0060000,30,1,151075,00087,06
844,00106,0004500,59,2,1512401,00230,06
845,00106,0028000,54,1,153495,00095,06
846,00106,0100000,53,1,153495,00190,06
847,00106,0000000,17,1,154104,00047,06
848,00106,0123000,68,1,154104,00037,06
849,00106,,13,1,154104,00042,06
850,00106,0134000,54,2,154104,00045,06
851,00106,0000000,20,1,154521,00270,06
852,00106,0045000,54,1,154521,00243,06
853,00106,0000000,86,2,156912,00093,06
854,00106,0000000,75,2,158739,00067,06
855,00106,0042000,58,2,159235,00064,06
856,00106,0055000,57,1,159235,00063,06
857,00106,0010000,25,2,159235,00090,06
858,00106,0080000,35,1,159251,00068,06
859,00106,,08,1,159251,00080,06
860,00106,,05,1,159251,00081,06
861,00106,0000000,70,2,159251,00082,06
862,00106,0180000,41,2,159251,00094,06
863,00106,0014000,27,1,159616,00181,06
864,00106,0000000,89,2,160021,00058,06
865,00106,0000000,17,2,161370,00021,06
866,00106,0100000,49,2,165704,00108,06
867,00106,0000800,18,1,165704,00085,06
868,00106,0090000,55,1,165704,00102,06
869,00106,0000000,60,1,166892,00099,06
870,00106,0000000,22,2,166892,00110,06
871,00106,0050000,57,2,166892,00100,06
872,00106,0110000,59,1,168055,00060,06
873,00106,0040000,52,1,168068,00052,06
874,00106,0110000,37,1,168240,00094,06
875,00106,0030000,62,2,168240,00090,06
876,00106,0075000,39,2,168240,00133,06
877,00106,,02,2,168240,00097,06
878,00106,0000000,94,2,169185,00008,06
879,00106,0000000,70,2,169566,00334,06
880,00106,0000000,66,2,170687,00071,06
881,00106,0000000,66,1,170687,00059,06
882,00106,0150000,57,2,170697,00061,06
883,00106,0087000,31,1,172989,00183,06
884,00106,,14,2,173604,00074,06
885,00106,0070000,57,1,173604,00071,06
886,00106,0053000,51,2,173604,00061,06
887,00106,0145000,68,2,174625,00037,06
888,00106,0000000,68,1,174625,00041,06
889,00106,,12,1,17489,00044,06
890,00106,0050000,41,2,17489,00037,06
891,00106,0000000,66,1,175821,00097,06
892,00106,0000000,66,2,175821,00093,06
893,00106,0000000,68,1,17679,00039,06
894,00106,0000000,42,2,179028,00042,06
895,00106,0000000,65,2,179035,00130,06
896,00106,0064000,47,2,179035,00115,06
897,00106,,01,1,179035,00105,06
898,00106,,03,2,179035,00132,06
899,00106,0210000,39,2,179035,00106,06
900,00106,0000000,59,2,17921,00113,06
901,00106,0050000,58,1,179374,00065,06
902,00106,,03,1,184211,00070,06
903,00106,0000000,32,2,184211,00060,06
904,00106,0009500,41,1,184211,00093,06
905,00106,0030000,25,1,187063,00130,06
906,00106,0000000,67,1,187426,00052,06
907,00106,0077000,51,2,187822,00336,06
908,00106,,12,2,187822,00385,06
909,00106,0000000,73,1,188371,00052,06
910,00106,0000000,73,2,188371,00064,06
911,00106,0050000,31,1,189721,00068,06
912,00106,0024000,32,2,189721,00067,06
913,00106,,09,1,192145,00219,06
914,00106,,00,1,192145,00243,06
915,00106,0028000,23,1,192145,00218,06
916,00106,0002000,29,2,192145,00236,06
917,00106,,11,1,192145,00219,06
918,00106,0012000,29,2,192145,00182,06
919,00106,0019200,36,1,192145,00229,06
920,00106,0000000,73,2,192687,00055,06
921,00106,0000000,57,2,193445,00104,06
922,00106,0000000,25,1,193445,00053,06
923,00106,0072000,35,1,193454,00061,06
924,00106,0119000,56,1,193552,00055,06
925,00106,0483000,54,2,193552,00045,06
926,00106,0000000,40,1,195890,00064,06
927,00106,0000800,20,1,199205,00068,06
928,00106,0096000,60,2,199205,00066,06
929,00106,0000000,62,1,199205,00070,06
930,00106,0060000,50,2,199495,00198,06
931,00106,0000000,56,2,199495,00084,06
932,00106,0000000,52,2,202024,00188,06
933,00106,0000000,44,2,20249,00069,06
934,00106,0000000,17,1,20249,00068,06
935,00106,0000000,21,1,20249,00124,06
936,00106,0044000,47,1,20249,00079,06
937,00106,0000000,67,1,202865,00021,06
938,00106,,09,1,207743,00083,06
939,00106,0000000,41,2,207743,00134,06
940,00106,0036000,37,1,207743,00070,06
941,00106,,12,1,207743,00084,06
942,00106,0000000,41,1,209839,00018,06
943,00106,0000000,59,1,21217,00069,06
944,00106,0000000,68,2,21307,00063,06
945,00106,0080000,71,1,21307,00052,06
946,00106,0045000,50,1,21355,00172,06
947,00106,,13,1,21355,00204,06
948,00106,0038000,53,1,219504,00186,06
949,00106,0040000,55,1,219807,00068,06
950,00106,0005000,48,1,219822,00128,06
951,00106,0000000,48,2,219822,00128,06
952,00106,,12,2,219822,00120,06
953,00106,,14,1,220165,00006,06
954,00106,0075000,35,1,220607,00208,06
955,00106,0006500,60,1,220725,00072,06
956,00106,0049500,25,2,220725,00122,06
957,00106,0003000,62,2,220725,00084,06
958,00106,0035000,28,2,220725,00123,06
959,00106,0038000,32,1,224491,00168,06
960,00106,0000000,60,1,225767,00007,06
961,00106,0007000,37,1,226621,00078,06
962,00106,0034000,35,2,226621,00075,06
963,00106,0024000,22,2,227968,00091,06
964,00106,,01,1,227968,00137,06
965,00106,0024300,24,1,227968,00086,06
966,00106,0100000,54,1,228097,00074,06
967,00106,0000000,49,2,228097,00086,06
968,00106,,13,1,228097,00073,06
969,00106,0000000,52,1,229250,00016,06
970,00106,0000000,15,2,229965,00060,06
971,00106,0000000,17,1,229965,00073,06
972,00106,0030000,37,1,229965,00074,06
973,00106,,04,2,229965,00051,06
974,00106,,02,2,229965,00053,06
975,00106,0030000,40,2,231183,00064,06
976,00106,0119000,42,1,231632,00125,06
977,00106,0000000,34,2,231632,00128,06
978,00106,,10,1,231632,00117,06
979,00106,,02,2,231632,00117,06
980,00106,,08,1,231632,00118,06
981,00106,,06,1,231632,00117,06
982,00106,,01,1,231665,00075,06
983,00106,0110000,35,2,231665,00060,06
984,00106,,07,2,231665,00073,06
985,00106,,03,1,231665,00074,06
986,00106,0000000,70,2,231665,00121,06
987,00106,0028000,43,1,233948,00122,06
988,00106,,05,2,234042,00109,06
989,00106,0050000,48,2,234042,00128,06
990,00106,0001500,16,2,234042,00140,06
991,00106,0000000,82,2,234827,00077,06
992,00106,0000000,82,1,234827,00071,06
993,00106,0000000,66,2,240077,00064,06
994,00106,0000000,17,2,245168,00036,06
995,00106,0040000,58,2,245168,00034,06
996,00106,0020000,55,2,245885,00135,06
997,00106,0015000,30,1,245885,00078,06
998,00106,0050000,29,1,246306,00046,06
999,00106,0024100,30,2,246306,00093,06
1000,00106,0015000,74,2,246561,00129,06
1001,00106,0030000,47,2,246561,00370,06
1002,00106,0000000,15,2,246561,00181,06
1003,00106,0000000,78,1,246561,00167,06
1004,00106,0019000,31,2,251185,00116,06
1005,00106,,01,2,251185,00133,06
1006,00106,,03,1,251185,00108,06
1007,00106,0175000,35,1,251185,00101,06
1008,00106,0060000,42,2,254625,00099,06
1009,00106,0100000,44,1,254625,00114,06
1010,00106,,08,2,254625,00117,06
1011,00106,,07,2,254625,00118,06
1012,00106,,10,2,254835,00087,06
1013,00106,,12,1,254835,00078,06
1014,00106,0063000,40,1,254835,00065,06
1015,00106,,07,2,255423,00072,06
1016,00106,0018000,27,2,255423,00050,06
1017,00106,0032000,31,1,255423,00074,06
1018,00106,0000000,58,1,255711,00131,06
1019,00106,0000000,58,2,255711,00130,06
1020,00106,0000000,79,2,257386,00049,06
1021,00106,0045000,37,2,258451,00132,06
1022,00106,,04,2,258451,00137,06
1023,00106,0032000,27,1,258451,00152,06
1024,00106,0000000,39,1,260611,00069,06
1025,00106,0035000,49,1,262238,00079,06
1026,00106,0048000,63,2,263551,00129,06
1027,00106,0006900,34,1,264445,00071,06
1028,00106,0000000,30,2,264445,00136,06
1029,00106,0030000,54,1,266750,00044,06
1030,00106,0053000,57,2,266750,00034,06
1031,00106,,13,2,266750,00041,06
1032,00106,,14,1,267340,00087,06
1033,00106,,09,1,267340,00089,06
1034,00106,0103000,44,1,267340,00091,06
1035,00106,0040000,43,2,267340,00075,06
1036,00106,0018000,20,1,267340,00088,06
1037,00106,0000000,37,1,268783,00068,06
1038,00106,0046000,29,2,268783,00064,06
1039,00106,0013000,21,1,269424,00184,06
1040,00106,0085000,64,1,269424,00118,06
1041,00106,0000000,47,2,269424,00116,06
1042,00106,0013000,19,1,269424,00170,06
1043,00106,0000000,15,1,269491,00022,06
1044,00106,0000000,64,1,271251,00083,06
1045,00106,0100000,61,2,271251,00077,06
1046,00106,0000000,39,1,272077,00123,06
1047,00106,0000000,16,2,272077,00137,06
1048,00106,0000000,80,2,273116,00084,06
1049,00106,0000000,86,2,27462,00064,06
1050,00106,,09,1,27675,00084,06
1051,00106,0060000,45,1,27675,00081,06
1052,00106,0064000,44,2,27675,00071,06
1053,00106,,13,2,27675,00094,06
1054,00106,0000000,52,1,280537,00044,06
1055,00106,0000000,77,2,28055,00063,06
1056,00106,0008000,22,2,280949,00074,06
1057,00106,0063000,23,1,280949,00070,06
1058,00106,0082000,54,1,280949,00073,06
1059,00106,0028400,51,2,280949,00080,06
1060,00106,0110000,56,1,280949,00082,06
1061,00106,0010000,20,2,280949,00074,06
1062,00106,0000000,16,1,283546,00027,06
1063,00106,0079000,59,1,284838,00325,06
1064,00106,,03,2,28508,00057,06
1065,00106,0007000,63,1,28508,00091,06
1066,00106,,02,1,28508,00055,06
1067,00106,0000000,37,2,28508,00040,06
1068,00106,0080000,37,1,28508,00054,06
1069,00106,0000000,53,2,285106,00040,06
1070,00106,0000000,69,1,285587,00159,06
1071,00106,0002000,18,1,285587,00172,06
1072,00106,0000000,63,2,285587,00206,06
1073,00106,0000000,65,2,285910,00038,06
1074,00106,0080000,70,1,285910,00042,06
1075,00106,0000000,71,1,287481,00054,06
1076,00106,0000000,79,2,287687,00053,06
1077,00106,,14,1,288012,00005,06
1078,00106,0040000,25,2,28809,00047,06
1079,00106,0031100,24,2,28809,00082,06
1080,00106,0007000,58,2,288260,00070,06
1081,00106,0046800,56,2,288731,00062,06
1082,00106,0010700,19,1,288731,00071,06
1083,00106,0045500,44,1,288731,00079,06
1084,00106,0000000,16,1,289566,00171,06
1085,00106,0000000,47,1,289566,00166,06
1086,00106,0039000,64,1,290115,00075,06
1087,00106,0039000,60,2,290115,00074,06
1088,00106,0000000,73,2,290803,00041,06
1089,00106,0001700,18,2,290803,00070,06
1090,00106,,11,2,291508,00149,06
1091,00106,0034000,61,1,291508,00109,06
1092,00106,0050000,39,2,291508,00116,06
1093,00106,0038900,18,1,293403,00059,06
1094,00106,0008000,58,1,293403,00068,06
1095,00106,0041600,58,2,297138,00280,06
1096,00106,0000000,51,1,297138,00299,06
1097,00106,0000000,82,1,297138,00233,06
1098,00106,0056000,35,1,299432,00053,06
1099,00106,0045000,30,2,299432,00081,06
1100,00106,0045000,29,2,299432,00066,06
1101,00106,0000000,25,2,299997,00035,06
1102,00106,,00,2,30055,00063,06
1103,00106,0110000,35,1,30055,00093,06
1104,00106,0017000,32,2,30055,00062,06
1105,00106,0000000,94,2,301830,00023,06
1106,00106,0038000,48,2,302507,00153,06
1107,00106,0000000,21,2,302507,00200,06
1108,00106,0000000,17,1,302507,00133,06
1109,00106,,14,2,302507,00174,06
1110,00106,,11,2,302507,00172,06
1111,00106,0000000,65,1,302507,00125,06
1112,00106,0000000,68,2,303947,00042,06
1113,00106,0100000,62,2,30519,00109,06
1114,00106,0025000,61,1,30519,00113,06
1115,00106,0000000,60,1,306502,00097,06
1116,00106,0012000,23,2,307785,00145,06
1117,00106,0050000,23,1,307785,00117,06
1118,00106,0002400,33,2,308589,00218,06
1119,00106,,12,1,308589,00208,06
1120,00106,,04,1,308589,00278,06
1121,00106,,06,1,308589,00208,06
1122,00106,0000000,70,1,30944,00085,06
1123,00106,0000000,66,2,30944,00066,06
1124,00106,0023000,45,1,30944,00118,06
1125,00106,0000000,22,1,310102,00119,06
1126,00106,0000000,58,2,310102,00114,06
1127,00106,0000000,64,1,310102,00120,06
1128,00106,0048000,55,1,310977,00088,06
1129,00106,0002900,58,2,310977,00087,06
1130,00106,0130000,43,1,31133,00064,06
1131,00106,0000000,73,1,315057,00051,06
1132,00106,0000000,66,2,315057,00061,06
1133,00106,0110000,54,1,319367,00106,06
1134,00106,0000000,78,1,319367,00161,06
1135,00106,0000000,73,1,319687,00085,06
1136,00106,0020200,27,2,320340,00025,06
1137,00106,0175000,58,2,320424,00052,06
1138,00106,0000000,71,1,320424,00056,06
1139,00106,0000000,24,2,321069,00061,06
1140,00106,0030700,23,1,321069,00035,06
1141,00106,,01,1,321069,00113,06
1142,00106,0042000,37,2,321138,00055,06
1143,00106,,04,2,321138,00062,06
1144,00106,,05,1,321138,00064,06
1145,00106,0000000,18,2,322013,00170,06
1146,00106,0003500,43,1,322013,00240,06
1147,00106,0035000,43,2,322013,00171,06
1148,00106,0090000,54,2,32379,00128,06
1149,00106,0001500,58,1,32379,00103,06
1150,00106,0050000,62,2,324485,00058,06
1151,00106,0000000,79,1,324674,00089,06
1152,00106,0033600,47,1,327564,00141,06
1153,00106,0003900,42,2,327564,00123,06
1154,00106,0008000,24,2,327564,00156,06
1155,00106,0057000,58,2,327599,00103,06
1156,00106,0000000,70,1,328587,00090,06
1157,00106,0000000,61,1,328705,00146,06
1158,00106,0012000,24,2,328705,00198,06
1159,00106,0048900,56,2,328705,00132,06
1160,00106,0051000,61,1,329316,00066,06
1161,00106,,02,2,329820,00184,06
1162,00106,0000000,28,2,329820,00193,06
1163,00106,0060000,29,1,329820,00246,06
1164,00106,0004000,69,1,330102,00092,06
1165,00106,0000000,65,2,330102,00112,06
1166,00106,0070000,64,1,33215,00181,06
1167,00106,0070000,51,2,33215,00298,06
1168,00106,0045000,25,1,33215,00215,06
1169,00106,0085000,35,1,332994,00070,06
1170,00106,0045000,28,2,332994,00067,06
1171,00106,0000000,18,2,334070,00061,06
1172,00106,0072000,51,1,334070,00069,06
1173,00106,0000000,49,2,334070,00089,06
1174,00106,0000000,75,1,334070,00095,06
1175,00106,0000000,70,2,334070,00095,06
1176,00106,,12,2,334232,00076,06
1177,00106,0030000,35,2,334232,00065,06
1178,00106,0040000,37,1,334232,00073,06
1179,00106,0007000,51,2,334278,00061,06
1180,00106,0015500,54,2,335319,00106,06
1181,00106,0131000,56,1,335319,00073,06
1182,00106,0000000,76,2,335717,00081,06
1183,00106,0000000,81,1,335717,00075,06
1184,00106,0000000,78,1,338334,00071,06
1185,00106,0000000,74,2,338334,00071,06
1186,00106,0055000,31,2,339826,00085,06
1187,00106,,05,1,339826,00081,06
1188,00106,,01,1,339826,00080,06
1189,00106,0000000,34,1,339826,00140,06
1190,00106,,09,1,339826,00072,06
1191,00106,0000000,57,2,339826,00059,06
1192,00106,0000000,57,1,339826,00059,06
1193,00106,0000000,87,2,339957,00013,06
1194,00106,,10,2,340263,00059,06
1195,00106,0000000,16,1,340263,00055,06
1196,00106,0000000,39,2,340263,00063,06
1197,00106,0166000,45,1,340263,00042,06
1198,00106,0062000,35,1,341565,00069,06
1199,00106,0038000,33,1,341565,00145,06
1200,00106,,08,2,343357,00068,06
1201,00106,0037000,31,2,343357,00068,06
1202,00106,0042000,32,1,343357,00071,06
1203,00106,,05,2,343357,00070,06
1204,00106,0051000,51,2,346491,00062,06
1205,00106,0000000,53,1,346491,00072,06
1206,00106,,05,1,346937,00071,06
1207,00106,0049500,34,1,346937,00072,06
1208,00106,0098000,35,2,347434,00090,06
1209,00106,0058000,40,2,347434,00093,06
1210,00106,0000000,65,2,347434,00089,06
1211,00106,0058000,29,1,350792,00137,06
1212,00106,0000000,74,1,350977,00102,06
1213,00106,0000000,81,2,350977,00089,06
1214,00106,0000700,57,2,352548,00065,06
1215,00106,0035000,27,1,352548,00075,06
1216,00106,0060000,54,1,352548,00078,06
1217,00106,0100000,45,1,352792,00061,06
1218,00106,0060000,37,2,352792,00059,06
1219,00106,0012000,47,2,354801,00076,06
1220,00106,0000000,45,1,354801,00068,06
1221,00106,,12,2,354801,00068,06
1222,00106,0084000,60,1,355347,00081,06
1223,00106,0132000,64,2,355347,00062,06
1224,00106,0050000,29,2,355347,00129,06
1225,00106,0060000,56,2,35583,00101,06
1226,00106,,10,2,356062,00076,06
1227,00106,0005500,43,2,356062,00064,06
1228,00106,0145000,48,1,356062,00061,06
1229,00106,0006000,29,2,358083,00070,06
1230,00106,0015000,31,1,358083,00105,06
1231,00106,0000000,65,1,358279,00145,06
1232,00106,0015000,40,2,358701,00181,06
1233,00106,0126000,48,1,358701,00165,06
1234,00106,0032000,52,2,364324,00090,06
1235,00106,0000000,23,2,364324,00136,06
1236,00106,0015000,58,2,367273,00043,06
1237,00106,0025000,56,1,367273,00045,06
1238,00106,0000000,24,1,368237,00254,06
1239,00106,0000000,58,2,368237,00189,06
1240,00106,0057000,28,1,36856,00078,06
1241,00106,0060000,39,2,369084,00063,06
1242,00106,0070000,48,1,369084,00057,06
1243,00106,0017000,58,2,373745,00087,06
1244,00106,0025000,43,2,376331,00039,06
1245,00106,0105000,43,1,376331,00045,06
1246,00106,0000000,15,2,376331,00031,06
1247,00106,,11,2,376331,00045,06
1248,00106,,07,2,376331,00047,06
1249,00106,0050000,48,1,376584,00138,06
1250,00106,0025000,44,2,376584,00152,06
1251,00106,0000000,15,1,376584,00135,06
1252,00106,,14,1,376584,00163,06
1253,00106,0000000,17,2,377866,00071,06
1254,00106,0150000,58,2,377866,00062,06
1255,00106,0000000,59,1,377866,00067,06
1256,00106,0032000,45,2,378326,00089,06
1257,00106,0000000,20,1,378326,00186,06
1258,00106,0059000,57,2,378619,00069,06
1259,00106,0052000,60,1,378619,00074,06
1260,00106,0036000,66,2,379332,00040,06
1261,00106,0063000,66,1,379332,00041,06
1262,00106,0076000,65,2,380564,00068,06
1263,00106,0035000,65,1,380564,00075,06
1264,00106,0017000,73,2,380564,00089,06
1265,00106,0150000,40,2,381266,00056,06
1266,00106,0000000,15,2,381266,00062,06
1267,00106,0003000,20,2,381266,00058,06
1268,00106,0070000,54,2,382254,00056,06
1269,00106,0000000,50,1,382616,00244,06
1270,00106,,10,1,382616,00326,06
1271,00106,0000000,60,1,38307,00016,06
1272,00106,0000000,26,1,38347,00115,06
1273,00106,0000000,26,1,38347,00117,06
1274,00106,0045000,25,1,38347,00086,06
1275,00106,0031000,49,1,388473,00053,06
1276,00106,0056000,37,2,388473,00058,06
1277,00106,,03,2,388473,00060,06
1278,00106,,07,1,388473,00063,06
1279,00106,0000000,16,2,391102,00117,06
1280,00106,0004000,21,2,391102,00186,06
1281,00106,0050000,39,2,391102,00111,06
1282,00106,0050000,39,1,391102,00102,06
1283,00106,0110000,53,2,392326,00127,06
1284,00106,0000000,72,1,392326,00104,06
1285,00106,0132000,66,1,394750,00097,06
1286,00106,0000000,57,2,394750,00124,06
1287,00106,0000000,26,1,394750,00298,06
1288,00106,0000000,31,1,39506,00074,06
1289,00106,0046000,30,1,395572,00083,06
1290,00106,0010000,64,1,395572,00037,06
1291,00106,0000000,61,2,395572,00037,06
1292,00106,0042000,31,2,395685,00074,06
1293,00106,,02,2,395685,00075,06
1294,00106,,07,2,395685,00064,06
1295,00106,0067000,35,1,395685,00056,06
1296,00106,,00,1,396639,00204,06
1297,00106,,03,1,396639,00203,06
1298,00106,,09,2,396639,00168,06
1299,00106,0000000,31,2,396639,00195,06
1300,00106,0030000,35,1,396639,00190,06
1301,00106,,12,2,396639,00167,06
1302,00106,0095000,30,1,397985,00121,06
1303,00106,0074000,30,2,397985,00117,06
1304,00106,0009400,20,1,398806,00206,06
1305,00106,0000000,41,2,398806,00185,06
1306,00106,0040400,44,1,398806,00219,06
1307,00106,0000000,19,1,398806,00168,06
1308,00106,0012000,23,1,398806,00206,06
1309,00106,0087000,58,2,400979,00100,06
1310,00106,0100000,67,1,400979,00108,06
1311,00106,0024000,36,1,401350,00014,06
1312,00106,0050000,27,1,401384,00199,06
1313,00106,0070000,26,1,401384,00146,06
1314,00106,,07,1,402620,00158,06
1315,00106,0043500,34,1,402620,00185,06
1316,00106,0004000,63,1,402817,00053,06
1317,00106,0003500,60,1,40434,00057,06
1318,00106,0053000,61,2,40434,00058,06
1319,00106,0004800,19,1,405436,00124,06
1320,00106,0038000,23,2,405436,00181,06
1321,00106,0073000,49,1,405436,00128,06
1322,00106,0077000,52,2,405436,00117,06
1323,00106,0000000,81,1,405841,00093,06
1324,00106,0060000,33,2,406657,00097,06
1325,00106,,06,2,406657,00191,06
1326,00106,0023000,27,2,412436,00065,06
1327,00106,0026000,30,1,412436,00074,06
1328,00106,,11,1,412832,00130,06
1329,00106,0007000,36,2,412832,00122,06
1330,00106,0018000,39,1,412832,00115,06
1331,00106,,06,2,412832,00139,06
1332,00106,0001100,21,1,413728,00579,06
1333,00106,0010000,20,1,413728,00580,06
1334,00106,0130000,28,1,413728,00499,06
1335,00106,0000000,68,1,414617,00120,06
1336,00106,0000000,65,2,414617,00111,06
1337,00106,0000000,37,1,414699,00228,06
1338,00106,0052000,34,2,414699,00223,06
1339,00106,,12,2,414699,00225,06
1340,00106,,09,2,414699,00226,06
1341,00106,,14,2,414699,00227,06
1342,00106,0000000,65,2,415451,00070,06
1343,00106,0100000,38,1,417057,00088,06
1344,00106,0100000,43,2,417057,00084,06
1345,00106,,05,1,417057,00073,06
1346,00106,,08,1,419893,00067,06
1347,00106,0125000,46,1,419893,00072,06
1348,00106,0000000,56,2,419893,00061,06
1349,00106,0158000,45,1,420430,00034,06
1350,00106,0000000,48,2,420430,00040,06
1351,00106,0000000,76,2,421367,00046,06
1352,00106,0000000,78,1,421367,00056,06
1353,00106,0045000,29,2,421680,00277,06
1354,00106,0042000,30,1,421680,00408,06
1355,00106,,01,2,421680,00342,06
1356,00106,0000000,21,1,421680,00368,06
1357,00106,0040900,64,2,422135,00069,06
1358,00106,0042000,68,1,422224,00089,06
1359,00106,0003300,29,1,422224,00074,06
1360,00106,0008500,33,2,422224,00073,06
1361,00106,0000000,30,1,422224,00117,06
1362,00106,,06,1,424188,00135,06
1363,00106,0040000,31,2,424188,00088,06
1364,00106,0002500,17,2,426028,00118,06
1365,00106,0090000,48,1,426028,00141,06
1366,00106,0158000,51,2,426028,00190,06
1367,00106,0070000,61,1,426366,00128,06
1368,00106,0066000,55,2,426461,00127,06
1369,00106,0066000,56,1,426461,00126,06
1370,00106,0022500,26,1,426461,00196,06
1371,00106,,13,1,42697,00283,06
1372,00106,0018600,38,2,42697,00227,06
1373,00106,0000000,15,2,42697,00246,06
1374,00106,,06,1,42697,00284,06
1375,00106,0135000,50,2,427950,00071,06
1376,00106,0090000,55,1,427950,00059,06
1377,00106,0000000,18,2,427950,00068,06
1378,00106,0000000,15,1,427950,00063,06
1379,00106,0050000,53,2,42848,00075,06
1380,00106,0022800,48,1,432207,00073,06
1381,00106,0006000,49,2,432207,00083,06
1382,00106,0025000,22,1,432207,00096,06
1383,00106,0013600,21,2,432794,00062,06
1384,00106,0065000,22,1,432794,00060,06
1385,00106,0100000,51,2,434156,00133,06
1386,00106,0000000,89,2,434156,00163,06
1387,00106,,04,1,435126,00113,06
1388,00106,0000000,37,2,435126,00116,06
1389,00106,0104000,33,1,435126,00192,06
1390,00106,,03,2,435126,00142,06
1391,00106,0011000,25,1,435459,00069,06
1392,00106,0000000,59,2,435459,00060,06
1393,00106,0060000,58,1,435459,00059,06
1394,00106,0000000,56,2,435953,00176,06
1395,00106,0006000,22,2,435953,00295,06
1396,00106,0052000,33,2,437300,00227,06
1397,00106,,09,1,437300,00225,06
1398,00106,0000000,63,2,439106,00060,06
1399,00106,0038000,47,2,439870,00242,06
1400,00106,,13,1,439870,00137,06
1401,00106,0000000,85,2,439870,00097,06
1402,00106,,09,1,442354,00089,06
1403,00106,0040000,42,2,442354,00085,06
1404,00106,0130000,44,1,442354,00078,06
1405,00106,,13,2,442354,00096,06
1406,00106,0024000,66,1,4431,00060,06
1407,00106,0001400,58,2,4431,00066,06
1408,00106,0003000,59,1,444016,00066,06
1409,00106,0000000,67,1,444677,00015,06
1410,00106,0030000,62,2,447263,00100,06
1411,00106,0006000,28,2,447263,00163,06
1412,00106,0000000,70,1,447792,00053,06
1413,00106,0000000,48,1,447922,00016,06
1414,00106,0084000,56,1,450354,00130,06
1415,00106,0008000,23,1,450354,00168,06
1416,00106,0000000,48,2,450354,00188,06
1417,00106,0000000,65,2,452021,00053,06
1418,00106,0000000,58,2,452711,00100,06
1419,00106,0000000,65,1,452711,00106,06
1420,00106,0000000,16,1,453371,00067,06
1421,00106,0012500,22,2,453371,00042,06
1422,00106,0018700,21,2,453371,00086,06
1423,00106,0000000,44,1,453371,00124,06
1424,00106,0000000,42,2,453371,00125,06
1425,00106,0080000,42,2,45653,00146,06
1426,00106,0105000,38,1,45653,00105,06
1427,00106,0000000,34,2,456548,00060,06
1428,00106,,03,1,456548,00071,06
1429,00106,0110000,37,1,456548,00064,06
1430,00106,,03,2,459661,00066,06
1431,00106,0021100,31,2,459661,00070,06
1432,00106,0001300,53,2,459887,00886,06
1433,00106,0000000,59,1,459887,00731,06
1434,00106,0008000,73,1,459887,00338,06
1435,00106,0055000,30,2,462270,00085,06
1436,00106,0010000,21,2,465691,00129,06
1437,00106,0020000,48,2,465691,00165,06
1438,00106,0045000,56,2,465691,00112,06
1439,00106,0024000,53,1,465691,00160,06
1440,00106,0000000,85,2,465691,00137,06
1441,00106,0090000,31,2,46779,00033,06
1442,00106,0000000,30,1,46779,00045,06
1443,00106,0000000,25,2,470659,00076,06
1444,00106,0000000,50,2,470659,00072,06
1445,00106,0024000,48,1,470659,00062,06
1446,00106,0018000,23,2,470659,00067,06
1447,00106,0150000,37,1,471518,00072,06
1448,00106,,06,2,471518,00087,06
1449,00106,,08,1,471518,00081,06
1450,00106,0040000,33,2,471518,00080,06
1451,00106,0000000,32,2,473122,00067,06
1452,00106,,01,1,473122,00067,06
1453,00106,,03,1,473122,00067,06
1454,00106,0367000,35,1,473122,00067,06
1455,00106,0002000,39,2,47329,00118,06
1456,00106,0000000,15,1,47329,00115,06
1457,00106,,07,1,47329,00137,06
1458,00106,,09,2,47329,00153,06
1459,00106,,10,1,47329,00138,06
1460,00106,0030000,39,1,47329,00116,06
1461,00106,0000000,75,2,473939,00063,06
1462,00106,,14,2,474023,00104,06
1463,00106,0080000,43,2,474023,00078,06
1464,00106,0000000,71,2,474023,00073,06
1465,00106,0000000,73,1,474023,00081,06
1466,00106,0000000,18,2,474023,00078,06
1467,00106,0000000,62,1,476663,00105,06
1468,00106,0114000,62,2,476712,00051,06
1469,00106,0015000,39,2,47692,00075,06
1470,00106,0045000,29,2,47692,00113,06
1471,00106,0000000,52,1,47692,00070,06
1472,00106,0012000,22,2,47692,00076,06
1473,00106,0011500,60,2,47692,00069,06
1474,00106,0057000,63,2,480063,00091,06
1475,00106,0000000,66,1,480063,00086,06
1476,00106,0083000,44,1,480579,00065,06
1477,00106,0000000,17,1,480579,00129,06
1478,00106,0024000,21,2,480579,00139,06
1479,00106,0001200,35,2,480716,00147,06
1480,00106,0007700,50,1,480716,00105,06
1481,00106,0040000,54,2,481201,00182,06
1482,00106,0001000,28,2,481201,00298,06
1483,00106,0014000,59,1,481201,00211,06
1484,00106,0000000,81,2,481651,00133,06
1485,00106,0000000,86,2,484506,00010,06
1486,00106,0000000,42,2,486769,00066,06
1487,00106,0000000,17,2,486769,00070,06
1488,00106,0000000,18,2,486769,00082,06
1489,00106,,06,2,486769,00077,06
1490,00106,,09,2,486769,00077,06
1491,00106,0056000,46,1,486769,00077,06
1492,00106,,11,2,486769,00076,06
1493,00106,0000000,75,2,487130,00071,06
1494,00106,0015000,61,1,487397,00064,06
1495,00106,0019000,58,2,487397,00064,06
1496,00106,,02,2,488074,00062,06
1497,00106,0035000,27,1,488074,00086,06
1498,00106,0040000,27,2,488074,00052,06
1499,00106,0100000,32,2,488694,00186,06
1500,00106,0000000,32,1,488694,00133,06
1501,00106,0045000,27,1,492150,00086,06
1502,00106,0030000,26,2,492150,00100,06
1503,00106,0030000,26,2,492150,00054,06
1504,00106,0000000,57,1,492516,00118,06
1505,00106,0026000,34,1,492516,00168,06
1506,00106,0018000,32,1,492516,00084,06
1507,00106,0000000,83,2,493417,00103,06
1508,00106,0116000,59,2,493417,00067,06
1509,00106,0010000,60,2,493417,00133,06
1510,00106,0000000,94,2,493831,00055,06
1511,00106,,02,1,495311,00152,06
1512,00106,,00,2,495311,00133,06
1513,00106,0010000,32,1,495311,00177,06
1514,00106,0000000,26,2,495311,00221,06
1515,00106,,07,2,495311,00246,06
1516,00106,0025000,45,1,496944,00113,06
1517,00106,0000000,16,2,497561,00191,06
1518,00106,,13,1,497561,00206,06
1519,00106,0060000,62,1,497561,00223,06
1520,00106,0100000,49,2,497561,00238,06
1521,00106,0000000,75,2,497852,00063,06
1522,00106,0000000,84,2,498448,00234,06
1523,00106,0098000,29,1,499676,00145,06
1524,00106,0075000,27,2,499676,00089,06
1525,00106,,00,2,499676,00108,06
1526,00106,0045000,52,2,502108,00061,06
1527,00106,0016000,57,1,502108,00073,06
1528,00106,0000000,69,1,504639,00061,06
1529,00106,0040000,60,1,506532,00091,06
1530,00106,0031200,68,2,50910,00207,06
1531,00106,0090000,42,1,509936,00085,06
1532,00106,0000000,38,2,509936,00069,06
1533,00106,,12,1,509936,00084,06
1534,00106,0000000,85,2,510103,00030,06
1535,00106,0042000,55,1,510103,00079,06
1536,00106,0000000,41,2,511218,00180,06
1537,00106,0100000,48,1,511218,00162,06
1538,00106,0000000,74,2,511218,00093,06
1539,00106,0020000,43,2,511272,00063,06
1540,00106,0000000,33,1,511272,00088,06
1541,00106,0009000,21,1,511272,00116,06
1542,00106,0010000,19,1,511272,00094,06
1543,00106,0005000,17,1,511272,00066,06
1544,00106,0012000,74,2,511671,00064,06
1545,00106,0000240,16,2,511747,00257,06
1546,00106,0084000,48,2,511747,00315,06
1547,00106,0023100,52,1,512416,00064,06
1548,00106,0040000,59,2,51255,00033,06
1549,00106,0080000,61,1,51255,00059,06
1550,00106,0035000,52,1,515043,00133,06
1551,00106,0030000,20,2,515043,00173,06
1552,00106,,05,1,515405,00089,06
1553,00106,0000000,34,2,515405,00071,06
1554,00106,,09,1,515405,00089,06
1555,00106,,03,1,515405,00082,06
1556,00106,0004800,44,1,515405,00108,06
1557,00106,0090000,29,1,515782,00068,06
1558,00106,0000000,29,2,515782,00051,06
1559,00106,,00,1,515782,00072,06
1560,00106,0093000,40,1,516134,00201,06
1561,00106,0000000,67,2,516952,00062,06
1562,00106,0000000,70,2,519746,00057,06
1563,00106,0000000,55,2,519870,00102,06
1564,00106,0009000,22,1,519870,00112,06
1565,00106,0004600,45,2,52180,00102,06
1566,00106,0131000,48,1,52180,00092,06
1567,00106,,10,1,52180,00107,06
1568,00106,,05,1,52180,00107,06
1569,00106,0090000,42,1,522247,00080,06
1570,00106,,09,2,522247,00072,06
1571,00106,0075000,43,2,522247,00064,06
1572,00106,,11,1,522247,00077,06
1573,00106,0012900,71,2,522821,00057,06
1574,00106,0060000,33,2,525456,00089,06
1575,00106,0080000,34,1,525456,00084,06
1576,00106,0025000,28,1,526172,00075,06
1577,00106,0000000,53,2,526172,00069,06
1578,00106,0000000,24,2,530669,00085,06
1579,00106,0000000,56,1,530992,00077,06
1580,00106,0003000,36,2,531209,00054,06
1581,00106,0000000,20,2,531209,00064,06
1582,00106,0000000,53,2,531566,00080,06
1583,00106,0006400,54,1,531566,00068,06
1584,00106,0004200,24,1,531566,00127,06
1585,00106,0030000,30,2,532412,00070,06
1586,00106,0100000,29,1,532412,00082,06
1587,00106,0000000,73,2,536997,00006,06
1588,00106,0040000,36,2,537240,00060,06
1589,00106,0000000,44,1,5379,00049,06
1590,00106,0000000,82,2,538135,00050,06
1591,00106,0000000,57,2,540320,00012,06
1592,00106,0000000,67,1,542598,00217,06
1593,00106,0000000,67,2,542598,00231,06
1594,00106,0065000,37,1,542598,00224,06
1595,00106,0000000,15,1,542598,00220,06
1596,00106,,10,2,542598,00197,06
1597,00106,0056000,40,2,542598,00181,06
1598,00106,0029800,50,1,546550,00104,06
1599,00106,0075000,64,2,54696,00041,06
1600,00106,0074000,53,1,547874,00251,06
1601,00106,0072000,56,2,547874,00233,06
1602,00106,0000000,71,2,548470,00103,06
1603,00106,0002200,56,2,552014,00112,06
1604,00106,0024200,49,2,555585,00077,06
1605,00106,0000800,64,2,556393,00062,06
1606,00106,0367000,60,1,55793,00051,06
1607,00106,0367000,58,2,55793,00065,06
1608,00106,0048000,41,1,558711,00071,06
1609,00106,0000000,58,2,558711,00063,06
1610,00106,0000000,19,2,558711,00046,06
1611,00106,,00,1,558711,00074,06
1612,00106,,11,1,558711,00067,06
1613,00106,0004000,19,1,558711,00061,06
1614,00106,0030000,48,2,558711,00066,06
1615,00106,0000000,65,2,559648,00145,06
1616,00106,0024000,68,1,559648,00183,06
1617,00106,0000000,62,2,559971,00064,06
1618,00106,0054000,38,1,559971,00086,06
1619,00106,0165000,51,1,562813,00191,06
1620,00106,0018000,74,2,562813,00092,06
1621,00106,0010000,17,2,562813,00075,06
1622,00106,0007000,61,2,563334,00100,06
1623,00106,0000000,62,1,563334,00103,06
1624,00106,0000000,29,2,563334,00160,06
1625,00106,0000000,17,1,563848,00104,06
1626,00106,,14,1,563848,00122,06
1627,00106,0070000,37,2,563848,00114,06
1628,00106,0005000,29,1,564004,00059,06
1629,00106,,00,1,564004,00070,06
1630,00106,0145000,29,2,564004,00108,06
1631,00106,0000000,35,2,564549,00057,06
1632,00106,0010000,27,1,566864,00127,06
1633,00106,0000000,84,2,566864,00126,06
1634,00106,0032000,58,2,566864,00080,06
1635,00106,0000000,15,2,566864,00076,06
1636,00106,0060000,51,2,566864,00087,06
1637,00106,0000000,70,1,566864,00088,06
1638,00106,,02,2,567211,00061,06
1639,00106,0050000,32,2,567211,00069,06
1640,00106,0080000,31,1,567211,00073,06
1641,00106,,00,2,567211,00061,06
1642,00106,0000000,69,2,567765,00078,06
1643,00106,0020000,72,1,567765,00083,06
1644,00106,0055000,64,1,571408,00222,06
1645,00106,0045000,61,2,571408,00194,06
1646,00106,0000000,84,2,57202,00111,06
1647,00106,0000000,85,1,57202,00104,06
1648,00106,0015400,35,2,57453,00174,06
1649,00106,,05,1,57453,00207,06
1650,00106,,08,1,57453,00208,06
1651,00106,0000000,15,1,57453,00210,06
1652,00106,0008600,44,1,57453,00215,06
1653,00106,0006000,68,2,57461,00045,06
1654,00106,0000000,59,2,575980,00221,06
1655,00106,0045000,27,1,575980,00196,06
1656,00106,0000000,62,1,575980,00224,06
1657,00106,0020000,64,2,576038,00066,06
1658,00106,0000000,94,2,576471,00057,06
1659,00106,0000000,69,2,576471,00036,06
1660,00106,0027000,75,1,576471,00039,06
1661,00106,0073000,58,2,577570,00060,06
1662,00106,0025000,44,1,579671,00091,06
1663,00106,,00,2,579671,00085,06
1664,00106,,09,1,579671,00087,06
1665,00106,,13,2,579671,00081,06
1666,00106,0040000,37,2,579671,00073,06
1667,00106,0000000,50,2,580079,00243,06
1668,00106,0060000,50,1,580079,00218,06
1669,00106,,05,2,581613,00219,06
1670,00106,0055000,29,2,581613,00117,06
1671,00106,0060000,52,1,582406,00115,06
1672,00106,,06,1,583645,00105,06
1673,00106,,08,2,583645,00083,06
1674,00106,0021000,33,1,583645,00129,06
1675,00106,0027000,29,2,583645,00094,06
1676,00106,0040300,37,1,584103,00073,06
1677,00106,0062000,33,2,584103,00074,06
1678,00106,,05,2,584103,00065,06
1679,00106,,12,1,584103,00070,06
1680,00106,0055000,60,1,584345,00119,06
1681,00106,0065000,54,2,584345,00113,06
1682,00106,0002500,23,1,584345,00155,06
1683,00106,0012800,25,1,585074,00175,06
1684,00106,0000000,66,2,585074,00068,06
1685,00106,0000000,66,1,585074,00057,06
1686,00106,0010000,59,2,585375,00068,06
1687,00106,,05,1,585406,00172,06
1688,00106,,00,1,585406,00191,06
1689,00106,0050000,29,1,585406,00193,06
1690,00106,0011100,30,2,585406,00183,06
1691,00106,0000000,35,2,586384,00488,06
1692,00106,0055000,48,2,586384,00361,06
1693,00106,0000000,87,2,587372,00072,06
1694,00106,0028600,49,2,587372,00073,06
1695,00106,0025000,53,1,587412,00068,06
1696,00106,0012000,50,2,587412,00060,06
1697,00106,0000000,16,1,592166,00053,06
1698,00106,0006000,55,1,592166,00065,06
1699,00106,0001200,53,2,592166,00056,06
1700,00106,0000000,34,1,593055,00257,06
1701,00106,0040300,47,1,593055,00106,06
1702,00106,0040700,44,2,593055,00113,06
1703,00106,0000000,39,2,593356,00181,06
1704,00106,0042000,38,1,593356,00229,06
1705,00106,,02,1,593356,00242,06
1706,00106,0000000,15,2,593356,00190,06
1707,00106,0000000,72,2,594993,00117,06
1708,00106,0100000,55,1,594993,00067,06
1709,00106,0055000,55,2,594993,00065,06
1710,00106,0000000,21,1,594993,00068,06
1711,00106,0000000,84,1,595818,00081,06
1712,00106,,10,1,596669,00078,06
1713,00106,0090000,43,2,596669,00090,06
1714,00106,0030000,37,1,596669,00095,06
1715,00106,0050000,24,1,598458,00033,06
1716,00106,0006000,24,1,598458,00066,06
1717,00106,0008000,26,1,598458,00153,06
1718,00106,,12,1,599894,00072,06
1719,00106,,14,2,599894,00067,06
1720,00106,0000000,44,2,599894,00060,06
1721,00106,0012500,51,1,599894,00057,06
1722,00106,0000000,55,1,600610,00074,06
1723,00106,,12,1,600610,00072,06
1724,00106,0000000,16,1,600610,00061,06
1725,00106,0000000,51,2,600610,00065,06
1726,00106,0000000,55,1,600931,00116,06
1727,00106,,10,1,600931,00138,06
1728,00106,0000000,53,2,600931,00160,06
1729,00106,0032000,52,1,601369,00091,06
1730,00106,0000000,58,2,601369,00091,06
1731,00106,0034000,57,2,607004,00049,06
1732,00106,0000000,69,1,60970,00063,06
1733,00106,0000000,65,2,60970,00060,06
1734,00106,0019000,23,2,60970,00070,06
1735,00106,,01,2,612284,00079,06
1736,00106,0077000,31,1,612284,00107,06
1737,00106,0068000,29,2,612284,00074,06
1738,00106,0000000,73,2,613826,00203,06
1739,00106,0090000,50,2,613826,00102,06
1740,00106,0090000,48,1,613826,00097,06
1741,00106,0015000,24,1,614926,00070,06
1742,00106,0000000,60,2,614926,00064,06
1743,00106,0000000,82,2,616239,00110,06
1744,00106,0030200,32,1,616239,00116,06
1745,00106,0000000,31,2,616239,00082,06
1746,00106,,01,1,616239,00085,06
1747,00106,0068000,35,1,617726,00144,06
1748,00106,0048000,33,1,619691,00086,06
1749,00106,,03,2,619691,00064,06
1750,00106,0030000,47,1,620128,00115,06
1751,00106,0000000,94,2,620434,00015,06
1752,00106,0000000,64,1,62062,00064,06
1753,00106,0000000,87,2,623627,00051,06
1754,00106,0030000,54,2,623627,00038,06
1755,00106,0030000,53,1,623627,00042,06
1756,00106,0005800,24,2,623627,00060,06
1757,00106,0000000,66,2,624040,00067,06
1758,00106,0012000,52,1,624861,00073,06
1759,00106,0000000,85,2,624861,00079,06
1760,00106,0000000,60,2,625691,00105,06
1761,00106,0110000,63,1,625691,00106,06
1762,00106,0000000,88,1,625939,00018,06
1763,00106,0030000,54,2,629216,00051,06
1764,00106,0000000,40,2,632135,00042,06
1765,00106,0483000,45,2,632135,00044,06
1766,00106,,05,2,632135,00046,06
1767,00106,0003000,27,2,634746,00095,06
1768,00106,0022000,26,1,634746,00156,06
1769,00106,,06,2,636690,00057,06
1770,00106,0023000,25,2,636690,00061,06
1771,00106,0025000,27,1,636690,00059,06
1772,00106,,00,1,636690,00060,06
1773,00106,0012000,37,1,638306,00086,06
1774,00106,,01,1,638306,00065,06
1775,00106,0003900,37,2,638306,00083,06
1776,00106,,08,1,638656,00060,06
1777,00106,0000000,61,1,638656,00074,06
1778,00106,0090000,61,2,638656,00049,06
1779,00106,0002100,28,2,638656,00065,06
1780,00106,0000000,59,1,639313,00309,06
1781,00106,0046000,55,2,639602,00096,06
1782,00106,0000300,17,2,639602,00104,06
1783,00106,,13,1,639602,00130,06
1784,00106,0019000,28,1,639602,00198,06
1785,00106,0040000,63,2,641388,00059,06
1786,00106,0000000,70,1,642645,00087,06
1787,00106,0000000,67,2,642645,00072,06
1788,00106,0013000,64,2,643736,00038,06
1789,00106,0000000,65,1,643736,00032,06
1790,00106,,01,2,644219,00199,06
1791,00106,0048000,41,2,644219,00154,06
1792,00106,0010300,54,1,645146,00113,06
1793,00106,0041000,46,2,646554,00160,06
1794,00106,,14,2,646554,00184,06
1795,00106,0000000,63,2,647106,00105,06
1796,00106,0123000,61,1,647106,00116,06
1797,00106,,12,1,648646,00233,06
1798,00106,0146000,45,2,648646,00260,06
1799,00106,0013000,28,2,651495,00022,06
1800,00106,0017300,23,1,652795,00064,06
1801,00106,0000000,48,2,652795,00059,06
1802,00106,0043700,47,1,652795,00075,06
1803,00106,0024000,20,2,652795,00078,06
1804,00106,0005000,22,2,652795,00082,06
1805,00106,0080000,34,1,653576,00094,06
1806,00106,,01,1,653576,00171,06
1807,00106,0000000,28,2,653576,00098,06
1808,00106,0060000,38,1,654234,00089,06
1809,00106,0117000,34,2,654234,00081,06
1810,00106,0041600,56,1,654247,00214,06
1811,00106,0000000,81,2,654247,00170,06
1812,00106,0000000,19,1,654999,00100,06
1813,00106,0010800,58,2,654999,00105,06
1814,00106,0000000,83,1,654999,00056,06
1815,00106,0000000,55,2,654999,00105,06
1816,00106,0028000,27,1,656300,00175,06
1817,00106,0025000,26,2,656300,00130,06
1818,00106,0000000,63,2,657153,00353,06
1819,00106,,04,1,657153,00503,06
1820,00106,,02,2,657153,00472,06
1821,00106,0066000,25,1,657153,00420,06
1822,00106,0000000,25,2,657153,00414,06
1823,00106,0000000,57,1,658372,00127,06
1824,00106,0000500,23,1,658372,00161,06
1825,00106,0086000,48,2,658372,00138,06
1826,00106,0004000,26,1,658372,00196,06
1827,00106,0000000,55,2,658561,00022,06
1828,00106,0000000,68,1,659908,00132,06
1829,00106,0036000,58,1,662156,00105,06
1830,00106,0030000,25,1,662156,00119,06
1831,00106,0000000,86,2,662156,00144,06
1832,00106,0000000,64,2,662156,00105,06
1833,00106,0070000,51,1,662276,00190,06
1834,00106,0048000,32,1,664429,00055,06
1835,00106,0046000,31,2,664429,00044,06
1836,00106,0000000,16,1,666261,00095,06
1837,00106,0000000,16,1,666261,00118,06
1838,00106,0000000,17,1,666261,00118,06
1839,00106,0001000,19,1,666261,00146,06
1840,00106,0057000,39,2,666261,00083,06
1841,00106,0000000,87,1,667766,00054,06
1842,00106,0000000,94,2,667766,00075,06
1843,00106,0040000,68,1,669133,00096,06
1844,00106,0055000,63,1,669133,00127,06
1845,00106,0000000,64,1,670175,00068,06
1846,00106,0017000,27,2,671190,00176,06
1847,00106,0064000,53,2,671190,00103,06
1848,00106,0066000,57,1,671190,00100,06
1849,00106,0027000,53,2,672084,00116,06
1850,00106,0000000,79,2,672653,00057,06
1851,00106,0000000,89,2,675338,00062,06
1852,00106,0000000,81,2,676952,00065,06
1853,00106,0000000,55,2,677013,00061,06
1854,00106,0000000,84,1,677013,00052,06
1855,00106,0000000,43,1,677013,00089,06
1856,00106,0000000,56,1,678363,00139,06
1857,00106,0060000,48,2,678363,00139,06
1858,00106,,02,1,678363,00193,06
1859,00106,0000000,82,2,678363,00163,06
1860,00106,0000000,43,2,68104,00051,06
1861,00106,0000000,79,2,681622,00055,06
1862,00106,0000000,80,1,681622,00051,06
1863,00106,0000000,55,1,68228,00071,06
1864,00106,0080000,48,1,68228,00084,06
1865,00106,0000000,62,1,68228,00072,06
1866,00106,0000000,64,1,68228,00070,06
1867,00106,0000000,33,1,68228,00073,06
1868,00106,0060000,45,1,68228,00084,06
1869,00106,0000000,69,2,682337,00073,06
1870,00106,0000000,89,2,682337,00111,06
1871,00106,0000000,77,1,682337,00078,06
1872,00106,0000000,87,2,68303,00071,06
1873,00106,0024000,29,1,685749,00090,06
1874,00106,0020000,24,1,685749,00071,06
1875,00106,0050000,41,2,685749,00112,06
1876,00106,0000000,18,1,685749,00058,06
1877,00106,0080000,55,1,687057,00213,06
1878,00106,0000000,19,2,687171,00086,06
1879,00106,0019000,49,2,687171,00070,06
1880,00106,,05,2,687700,00081,06
1881,00106,0077000,35,1,687700,00079,06
1882,00106,0047000,36,2,687700,00070,06
1883,00106,0000000,15,2,687700,00054,06
1884,00106,,04,1,687700,00082,06
1885,00106,0000000,71,2,688419,00036,06
1886,00106,0190000,43,1,690626,00069,06
1887,00106,0000000,57,2,692065,00041,06
1888,00106,0000000,54,1,693916,00022,06
1889,00106,0012000,23,1,696158,00216,06
1890,00106,0000000,17,1,696158,00122,06
1891,00106,0014200,44,2,696158,00102,06
1892,00106,0012000,23,1,696158,00216,06
1893,00106,0000000,53,1,697076,00056,06
1894,00106,0000000,26,2,697076,00123,06
1895,00106,0098000,62,2,697446,00034,06
1896,00106,0000000,41,2,698894,00017,06
1897,00106,0000000,90,1,709706,00043,06
1898,00106,0000000,79,2,709706,00045,06
1899,00106,0000000,87,2,711660,00065,06
1900,00106,0000000,15,1,711660,00066,06
1901,00106,0000000,21,1,711660,00097,06
1902,00106,0120000,50,1,713262,00077,06
1903,00106,0030000,50,2,713262,00072,06
1904,00106,0105000,52,1,716546,00042,06
1905,00106,0000000,15,1,716727,00206,06
1906,00106,0110000,50,1,716727,00183,06
1907,00106,0000000,76,2,71804,00079,06
1908,00106,0000000,87,1,71804,00085,06
1909,00106,0019500,24,2,719211,00134,06
1910,00106,0002500,27,1,719211,00188,06
1911,00106,0021000,27,2,719211,00200,06
1912,00106,0000000,64,2,719211,00121,06
1913,00106,0013500,57,1,719211,00125,06
1914,00106,0000000,21,2,721991,00042,06
1915,00106,0041000,49,2,723236,00118,06
1916,00106,0039000,30,1,723236,00220,06
1917,00106,0015000,23,1,723236,00114,06
1918,00106,0000000,94,2,723423,00053,06
1919,00106,0000000,94,2,725198,00158,06
1920,00106,0000000,67,1,725198,00114,06
1921,00106,0000000,63,2,725198,00134,06
1922,00106,,06,1,725588,00072,06
1923,00106,0105000,44,1,725588,00064,06
1924,00106,0000000,36,2,725588,00069,06
1925,00106,,04,1,725588,00068,06
1926,00106,0005000,45,2,727687,00300,06
1927,00106,0023000,23,2,727687,00100,06
1928,00106,0000000,18,2,727687,00166,06
1929,00106,0001600,41,1,727959,00027,06
1930,00106,,03,1,728750,00123,06
1931,00106,0014000,37,2,728750,00105,06
1932,00106,0000000,36,1,728750,00123,06
1933,00106,,05,2,728750,00124,06
1934,00106,0000000,70,1,729112,00067,06
1935,00106,0000000,66,2,729112,00064,06
1936,00106,0015000,22,1,729112,00071,06
1937,00106,0000000,87,2,731562,00047,06
1938,00106,0000000,34,1,731702,00166,06
1939,00106,0000000,41,2,73471,00071,06
1940,00106,0000000,52,1,73471,00067,06
1941,00106,0000000,64,1,73471,00055,06
1942,00106,0000000,38,1,73471,00089,06
1943,00106,0018000,38,1,73471,00069,06
1944,00106,0000000,22,1,73471,00067,06
1945,00106,0000000,67,2,73471,00054,06
1946,00106,0049000,56,2,737318,00180,06
1947,00106,0050000,54,2,737318,00306,06
1948,00106,0050000,39,2,739359,00056,06
1949,00106,,10,1,739359,00068,06
1950,00106,,13,2,739359,00061,06
1951,00106,0050000,37,1,739359,00069,06
1952,00106,0000000,85,2,741194,00076,06
1953,00106,0000000,61,2,741349,00202,06
1954,00106,0000000,29,1,74303,00282,06
1955,00106,0006000,42,2,74303,00204,06
1956,00106,0000000,79,2,74303,00083,06
1957,00106,0000000,58,2,747997,00073,06
1958,00106,0000000,59,1,747997,00059,06
1959,00106,0080000,42,2,748482,00102,06
1960,00106,0000000,58,1,749221,00074,06
1961,00106,0000000,73,2,749275,00075,06
1962,00106,0030000,77,1,749275,00076,06
1963,00106,,04,1,750178,00242,06
1964,00106,0056000,46,1,750178,00189,06
1965,00106,0011800,28,2,750178,00173,06
1966,00106,,02,2,750178,00211,06
1967,00106,0090000,44,1,751237,00082,06
1968,00106,,05,2,751237,00102,06
1969,00106,0000000,44,2,751237,00079,06
1970,00106,0059000,58,1,757871,00060,06
1971,00106,0000000,62,2,757979,00296,06
1972,00106,0070000,56,2,760579,00061,06
1973,00106,0000000,15,1,766815,00075,06
1974,00106,0119000,38,1,766815,00077,06
1975,00106,0040000,37,2,766815,00067,06
1976,00106,0000000,74,2,767368,00098,06
1977,00106,0000000,74,1,767394,00050,06
1978,00106,0035000,68,2,769654,00106,06
1979,00106,0094000,44,1,770688,00314,06
1980,00106,0000000,41,2,770688,00335,06
1981,00106,,09,1,770688,00358,06
1982,00106,,02,2,770688,00417,06
1983,00106,0036000,58,2,771095,00066,06
1984,00106,0037000,36,2,772141,00066,06
1985,00106,0000000,67,2,772141,00088,06
1986,00106,,10,2,772141,00075,06
1987,00106,,13,2,772141,00076,06
1988,00106,0120000,50,1,773187,00058,06
1989,00106,0000000,65,1,773846,00349,06
1990,00106,0000000,53,2,773846,00361,06
1991,00106,0023000,20,2,775829,00109,06
1992,00106,,00,1,775829,00182,06
1993,00106,0000000,76,2,778895,00073,06
1994,00106,0000000,85,1,778895,00066,06
1995,00106,0000000,54,1,779128,00065,06
1996,00106,0006200,51,2,779128,00087,06
1997,00106,,13,1,783650,00114,06
1998,00106,0100000,54,1,783650,00156,06
1999,00106,0156000,54,1,783650,00154,06
2000,00106,0021000,78,2,783650,00104,06
2001,00106,0045000,64,2,786510,00066,06
2002,00106,0016000,68,1,786510,00071,06
2003,00106,0018000,24,2,793045,00052,06
2004,00106,0060000,27,2,793045,00031,06
2005,00106,0000000,56,2,793045,00079,06
2006,00106,0023400,33,1,794395,00146,06
2007,00106,0018000,28,2,794395,00101,06
2008,00106,0030000,24,1,795215,00050,06
2009,00106,0024000,24,2,795215,00049,06
2010,00106,0017500,25,2,797264,00157,06
2011,00106,0065000,28,1,797264,00256,06
2012,00106,0138000,44,1,797856,00066,06
2013,00106,0054000,43,2,797856,00060,06
2014,00106,0050000,60,1,797895,00077,06
2015,00106,0040000,61,2,797895,00076,06
2016,00106,,10,2,797906,00176,06
2017,00106,0000000,37,2,797906,00138,06
2018,00106,0210000,35,1,797906,00144,06
2019,00106,,08,1,797906,00120,06
2020,00106,,05,1,797906,00120,06
2021,00106,0025000,53,1,799220,00298,06
2022,00106,0046100,29,1,799362,00118,06
2023,00106,0002000,24,1,800316,00046,06
2024,00106,0014000,29,1,800316,00069,06
2025,00106,0000000,35,1,800316,00046,06
2026,00106,0048000,26,2,800644,00203,06
2027,00106,0090000,28,1,800644,00083,06
2028,00106,0054000,37,2,801692,00202,06
2029,00106,,08,2,801692,00164,06
2030,00106,,00,1,801692,00278,06
2031,00106,,02,2,801692,00262,06
2032,00106,0047500,37,1,801692,00223,06
2033,00106,0040000,43,2,803784,00130,06
2034,00106,0000000,76,1,803784,00061,06
2035,00106,0000000,80,2,803784,00058,06
2036,00106,,05,2,806054,00304,06
2037,00106,0070000,50,1,806054,00211,06
2038,00106,0020000,46,2,806054,00279,06
2039,00106,,09,1,806054,00292,06
2040,00106,,07,2,806054,00302,06
2041,00106,0054000,66,1,809321,00262,06
2042,00106,0054000,58,2,809321,00237,06
2043,00106,0040000,26,2,81320,00091,06
2044,00106,0058000,36,2,81320,00058,06
2045,00106,0000000,50,1,815243,00016,06
2046,00106,0000000,86,1,816315,00082,06
2047,00106,0000000,86,2,816401,00089,06
2048,00106,,07,2,818026,00074,06
2049,00106,,05,1,818026,00095,06
2050,00106,0120000,62,1,818026,00090,06
2051,00106,0015000,34,2,818026,00102,06
2052,00106,0000000,60,1,818118,00025,06
2053,00106,0053000,37,1,823932,00081,06
2054,00106,,02,1,823932,00063,06
2055,00106,0015600,37,2,823932,00079,06
2056,00106,0003500,58,1,824760,00063,06
2057,00106,0100000,48,2,824760,00072,06
2058,00106,,10,1,824760,00071,06
2059,00106,,12,1,824760,00069,06
2060,00106,0000000,88,1,825997,00066,06
2061,00106,0000000,88,2,825997,00072,06
2062,00106,0010000,17,2,826123,00049,06
2063,00106,0140000,50,1,826123,00065,06
2064,00106,0040000,55,2,826123,00067,06
2065,00106,0161000,45,1,826873,00088,06
2066,00106,0070000,49,1,826873,00064,06
2067,00106,,12,1,831615,00384,06
2068,00106,0007400,43,2,831615,00309,06
2069,00106,0000000,18,2,832005,00131,06
2070,00106,0039000,62,1,832005,00164,06
2071,00106,0077000,40,2,832005,00136,06
2072,00106,,04,1,832005,00110,06
2073,00106,,01,1,832005,00110,06
2074,00106,0000000,67,2,832005,00124,06
2075,00106,0100000,41,1,832005,00141,06
2076,00106,0040000,46,2,832501,00063,06
2077,00106,,09,1,832501,00069,06
2078,00106,,05,2,832501,00075,06
2079,00106,,05,2,832501,00076,06
2080,00106,,05,2,832679,00180,06
2081,00106,0066000,38,2,832679,00214,06
2082,00106,0000000,71,1,832679,00173,06
2083,00106,0000000,71,2,832679,00156,06
2084,00106,0035000,37,1,832679,00298,06
2085,00106,,07,1,832679,00199,06
2086,00106,,03,2,832679,00189,06
2087,00106,0000000,83,2,833322,00094,06
2088,00106,0008000,55,2,833322,00062,06
2089,00106,0000000,72,2,834121,00055,06
2090,00106,0045000,51,1,835093,00067,06
2091,00106,0001000,55,2,835093,00066,06
2092,00106,0000000,82,1,835595,00100,06
2093,00106,0000000,83,1,839192,00051,06
2094,00106,0000000,86,1,839793,00047,06
2095,00106,0000000,79,2,839969,00038,06
2096,00106,0000000,94,2,840569,00015,06
2097,00106,0000000,85,1,841587,00049,06
2098,00106,0050000,49,2,843055,00083,06
2099,00106,,12,2,843055,00064,06
2100,00106,0140000,58,1,843055,00060,06
2101,00106,0002200,36,2,84478,00056,06
2102,00106,0085000,31,2,844930,00098,06
2103,00106,,02,2,844930,00100,06
2104,00106,0170000,37,1,844930,00148,06
2105,00106,0019700,63,2,845778,00063,06
2106,00106,0040000,37,1,845778,00126,06
2107,00106,0095000,57,1,845778,00064,06
2108,00106,0000000,53,2,846699,00080,06
2109,00106,0070000,54,1,846699,00073,06
2110,00106,0002000,24,1,846699,00126,06
2111,00106,0002000,21,2,846699,00091,06
2112,00106,0050000,37,1,850707,00068,06
2113,00106,0035000,53,1,850909,00107,06
2114,00106,0000000,50,2,850909,00099,06
2115,00106,0010000,27,2,851005,00110,06
2116,00106,,02,1,851005,00153,06
2117,00106,0054000,29,1,851983,00056,06
2118,00106,0068000,28,2,851983,00034,06
2119,00106,0004800,67,2,85366,00038,06
2120,00106,0106000,57,1,85366,00039,06
2121,00106,,11,1,854528,00043,06
2122,00106,0100000,51,1,854528,00039,06
2123,00106,0000000,46,2,854528,00039,06
2124,00106,0090000,38,1,855413,00080,06
2125,00106,,02,2,855413,00054,06
2126,00106,,11,2,855413,00099,06
2127,00106,,13,1,855413,00067,06
2128,00106,0055000,37,2,855413,00078,06
2129,00106,0011400,39,2,855668,00138,06
2130,00106,0000000,68,2,855668,00131,06
2131,00106,0000000,50,2,857536,00064,06
2132,00106,0012000,28,2,857536,00080,06
2133,00106,,10,2,857536,00069,06
2134,00106,0052000,32,2,85991,00048,06
2135,00106,0000000,62,2,865354,00057,06
2136,00106,,13,1,865354,00080,06
2137,00106,0020000,36,2,865354,00126,06
2138,00106,0020000,61,1,865354,00065,06
2139,00106,0000000,70,1,865932,00088,06
2140,00106,0010000,37,2,867353,00054,06
2141,00106,0007000,63,1,867353,00112,06
2142,00106,0008000,64,2,867353,00064,06
2143,00106,0007000,20,2,867353,00065,06
2144,00106,0145000,36,1,869156,00034,06
2145,00106,,08,2,869156,00038,06
2146,00106,0065000,34,2,869156,00046,06
2147,00106,,07,1,873284,00187,06
2148,00106,0030000,52,1,873284,00140,06
2149,00106,0075000,32,1,873667,00123,06
2150,00106,0119000,40,1,876931,00118,06
2151,00106,,00,2,876931,00108,06
2152,00106,0055000,38,2,876931,00094,06
2153,00106,,02,1,876931,00125,06
2154,00106,0000000,75,2,877643,00017,06
2155,00106,0000000,81,1,878203,00049,06
2156,00106,0000000,68,2,878203,00058,06
2157,00106,0028000,36,1,880664,00400,06
2158,00106,0000000,45,1,880664,00264,06
2159,00106,0000000,44,2,880664,00246,06
2160,00106,,05,2,880664,00272,06
2161,00106,0050000,55,2,882908,00064,06
2162,00106,0010000,57,1,882908,00065,06
2163,00106,0000000,68,2,883072,00113,06
2164,00106,0080000,63,2,88364,00051,06
2165,00106,0000000,73,1,886481,00018,06
2166,00106,0180000,75,1,887710,00064,06
2167,00106,0145000,68,2,887710,00059,06
2168,00106,0000000,66,1,888728,00091,06
2169,00106,0000000,77,2,889854,00049,06
2170,00106,0005000,35,2,893302,00335,06
2171,00106,0050000,39,1,893302,00311,06
2172,00106,0000000,67,1,893720,00051,06
2173,00106,0000000,87,2,897732,00078,06
2174,00106,,04,2,898192,00171,06
2175,00106,0075000,29,1,898192,00190,06
2176,00106,0000000,28,2,898192,00184,06
2177,00106,,08,1,898192,00215,06
2178,00106,,07,2,898192,00242,06
2179,00106,0066000,51,1,898751,00068,06
2180,00106,0014100,72,2,899268,00089,06
2181,00106,0030000,38,2,901365,00119,06
2182,00106,,12,1,901365,00129,06
2183,00106,,09,2,901365,00141,06
2184,00106,,04,1,901365,00140,06
2185,00106,,02,1,901365,00140,06
2186,00106,0024000,44,1,901365,00141,06
2187,00106,0000000,15,1,901365,00107,06
2188,00106,0010000,22,2,901981,00052,06
2189,00106,0030000,54,1,901981,00042,06
2190,00106,0035000,55,2,901981,00041,06
2191,00106,0000000,20,1,901981,00043,06
2192,00106,0000000,17,2,901981,00031,06
2193,00106,0090000,68,1,902035,00055,06
2194,00106,0075000,64,2,902035,00068,06
2195,00106,0000000,60,2,902856,00052,06
2196,00106,0000000,89,1,903103,00101,06
2197,00106,0000000,83,2,903103,00108,06
2198,00106,0077000,57,2,903621,00105,06
2199,00106,0000000,56,1,903621,00108,06
2200,00106,0010000,23,2,903645,00065,06
2201,00106,0037000,56,2,903645,00046,06
2202,00106,0045000,30,1,903645,00131,06
2203,00106,0010000,30,2,903645,00065,06
2204,00106,0060000,17,2,903645,00059,06
2205,00106,0027400,52,1,904946,00091,06
2206,00106,0050000,52,2,904946,00084,06
2207,00106,0000000,73,1,908045,00007,06
2208,00106,0000000,94,2,909589,00101,06
2209,00106,0000000,94,1,909589,00094,06
2210,00106,0108000,64,2,909828,00081,06
2211,00106,0067000,36,1,912307,00210,06
2212,00106,0012000,35,2,912307,00168,06
2213,00106,0000000,15,2,912307,00176,06
2214,00106,,09,1,912307,00202,06
2215,00106,,05,2,912307,00185,06
2216,00106,0100000,52,1,915336,00072,06
2217,00106,0030000,49,2,915336,00091,06
2218,00106,0018000,19,1,915336,00085,06
2219,00106,0000000,17,1,915336,00093,06
2220,00106,0069000,48,1,919479,00182,06
2221,00106,0000000,48,2,919479,00201,06
2222,00106,0002000,20,2,919479,00194,06
2223,00106,0000000,18,1,919479,00188,06
2224,00106,0000000,16,2,919479,00176,06
2225,00106,0000000,82,1,920056,00037,06
2226,00106,0000000,69,1,920789,00059,06
2227,00106,0000000,65,2,920789,00070,06
2228,00106,0000000,77,2,921150,00028,06
2229,00106,0000000,69,1,92538,00057,06
2230,00106,0015000,64,2,92538,00070,06
2231,00106,0000000,50,1,926556,00056,06
2232,00106,,11,1,92739,00215,06
2233,00106,,10,2,92739,00197,06
2234,00106,,12,2,92739,00197,06
2235,00106,0035000,36,2,92739,00232,06
2236,00106,0000000,55,2,92739,00169,06
2237,00106,0000000,94,2,927556,00105,06
2238,00106,0008300,42,2,927771,00068,06
2239,00106,,14,1,927771,00078,06
2240,00106,0104000,44,1,927771,00069,06
2241,00106,0020000,50,2,929367,00193,06
2242,00106,0004800,22,2,929367,00295,06
2243,00106,0000000,52,2,933244,00083,06
2244,00106,0100000,53,1,933244,00088,06
2245,00106,0000000,17,1,933244,00103,06
2246,00106,,13,1,933244,00084,06
2247,00106,,11,1,933804,00141,06
2248,00106,0085000,31,1,933804,00224,06
2249,00106,0100000,30,2,933804,00142,06
2250,00106,,08,1,933804,00141,06
2251,00106,,02,1,933804,00133,06
2252,00106,,03,2,935061,00267,06
2253,00106,0000000,46,1,935061,00249,06
2254,00106,0050000,48,2,935061,00276,06
2255,00106,0026000,25,2,935061,00301,06
2256,00106,0015000,58,1,935061,00452,06
2257,00106,0015000,54,2,935061,00374,06
2258,00106,0011200,19,2,935061,00192,06
2259,00106,0000000,54,2,935102,00109,06
2260,00106,,14,1,935102,00082,06
2261,00106,0000000,19,1,935102,00075,06
2262,00106,0000000,89,2,935102,00086,06
2263,00106,0125000,56,1,93616,00072,06
2264,00106,0015000,55,2,93616,00072,06
2265,00106,0000000,75,1,94126,00069,06
2266,00106,0000000,76,2,94126,00074,06
2267,00106,0062000,38,1,944149,00137,06
2268,00106,0000000,61,1,944149,00247,06
2269,00106,0034000,37,2,944149,00120,06
2270,00106,0102000,49,2,94746,00077,06
2271,00106,0027000,50,1,94746,00078,06
2272,00106,,11,1,94746,00087,06
2273,00106,0028000,51,2,948011,00292,06
2274,00106,,13,1,948011,00336,06
2275,00106,0000800,16,2,948011,00243,06
2276,00106,0000000,59,1,948011,00345,06
2277,00106,0000000,45,2,949353,00060,06
2278,00106,0000000,18,2,949353,00074,06
2279,00106,0060000,47,2,949407,00078,06
2280,00106,0000000,67,2,949407,00073,06
2281,00106,0000000,67,1,949407,00081,06
2282,00106,0000000,73,1,952379,00100,06
2283,00106,0000000,68,2,952379,00078,06
2284,00106,,04,1,953316,00073,06
2285,00106,0000000,43,2,953316,00063,06
2286,00106,0000000,23,2,953316,00087,06
2287,00106,,13,2,953316,00087,06
2288,00106,,12,2,953316,00089,06
2289,00106,,07,2,953316,00089,06
2290,00106,,03,2,953316,00063,06
2291,00106,,01,2,953316,00062,06
2292,00106,,08,1,953316,00079,06
2293,00106,0000000,16,1,95359,00051,06
2294,00106,0120000,51,1,95359,00050,06
2295,00106,0080000,47,2,95359,00052,06
2296,00106,0000000,76,1,954224,00062,06
2297,00106,0000000,76,2,954224,00058,06
2298,00106,0120000,35,2,958190,00072,06
2299,00106,,03,2,958190,00084,06
2300,00106,0000000,44,1,958190,00071,06
2301,00106,0062000,52,2,961886,00082,06
2302,00106,0058000,53,1,961886,00075,06
2303,00106,,09,2,962005,00348,06
2304,00106,0065000,44,1,962005,00318,06
2305,00106,0035000,43,1,962638,00082,06
2306,00106,0075000,40,2,962638,00060,06
2307,00106,0000000,17,2,962638,00077,06
2308,00106,0037200,30,2,962934,00075,06
2309,00106,0033800,28,1,962934,00090,06
2310,00106,0007000,28,1,963107,00007,06
2311,00106,,07,2,966969,00068,06
2312,00106,0000000,60,2,966969,00069,06
2313,00106,0038000,42,2,966969,00062,06
2314,00106,0039000,48,1,966969,00066,06
2315,00106,,00,1,967592,00079,06
2316,00106,,14,1,967592,00070,06
2317,00106,0000000,17,2,967592,00061,06
2318,00106,0030000,22,2,967592,00068,06
2319,00106,0060000,46,2,967592,00069,06
2320,00106,0024000,38,1,967592,00072,06
2321,00106,0005000,23,1,967592,00071,06
2322,00106,0000000,66,1,968573,00064,06
2323,00106,0000000,65,2,968573,00061,06
2324,00106,0028000,47,1,969673,00069,06
2325,00106,0057000,46,2,969673,00077,06
2326,00106,0000000,15,1,969673,00078,06
2327,00106,,11,1,969673,00077,06
2328,00106,0000000,16,1,970767,00022,06
2329,00106,0019200,21,2,971158,00110,06
2330,00106,,03,2,971158,00159,06
2331,00106,,02,2,971158,00157,06
2332,00106,,14,2,971297,00117,06
2333,00106,0065000,44,2,971297,00113,06
2334,00106,0001000,66,2,975167,00060,06
2335,00106,0000000,15,1,980956,00036,06
2336,00106,0030000,47,1,980956,00037,06
2337,00106,0060000,48,2,980956,00040,06
2338,00106,0000000,16,1,980956,00037,06
2339,00106,0000000,16,1,980956,00035,06
2340,00106,,14,2,980956,00047,06
2341,00106,,12,2,980956,00047,06
2342,00106,0055000,35,2,983488,00107,06
2343,00106,0100000,36,1,983488,00127,06
2344,00106,0003000,22,2,984734,00093,06
2345,00106,0041600,43,2,984734,00056,06
2346,00106,0030000,47,1,984734,00066,06
2347,00106,0000000,72,2,984933,00066,06
2348,00106,0000000,70,2,984933,00049,06
2349,00106,0037000,43,2,986303,00065,06
2350,00106,0072000,46,1,986303,00059,06
2351,00106,,08,2,986303,00074,06
2352,00106,,05,1,986303,00068,06
2353,00106,0026000,49,1,98747,00109,06
2354,00106,0001000,44,2,98747,00096,06
2355,00106,0200000,59,2,988929,00096,06
2356,00106,0075000,51,2,989586,00048,06
2357,00106,0000000,39,1,989785,00176,06
2358,00106,0008000,75,2,989785,00139,06
2359,00106,0000000,73,1,989785,00131,06
2360,00106,0000000,41,2,990378,00098,06
2361,00106,,14,2,990378,00116,06
2362,00106,0054000,40,1,990378,00116,06
2363,00106,0050000,33,2,990638,00128,06
2364,00106,0055000,65,2,990638,00103,06
2365,00106,0000000,65,1,990638,00113,06
2366,00106,0000000,73,2,990668,00049,06
2367,00106,0000000,67,1,992829,00013,06
2368,00106,0027000,52,2,993056,00096,06
2369,00106,0022000,62,1,997659,00139,06
2370,00106,0000000,86,2,997659,00110,06
2371,00106,0130000,46,1,99855,00090,06
2372,00106,0000000,46,2,99855,00087,06
2373,00106,,09,1,99855,00084,06
2374,00106,,07,1,99855,00084,06
2375,00106,0040000,34,2,999031,00054,06
2376,00106,,12,1,999031,00046,06
2377,00106,0005000,46,2,999031,00053,06
2378,00106,0000000,46,1,999031,00045,06
2379,00106,,08,1,999031,00044,06
2380,00106,0000000,17,1,999093,00206,06
2381,00106,0029000,39,1,999093,00209,06
2382,00106,,10,2,999093,00270,06
2383,00106,0000000,63,2,999093,00318,06
2384,00106,0020000,40,2,999093,00205,06
2385,00106,0000000,50,2,999443,00106,06
2386,00106,0000000,17,1,999443,00104,06
